TipType	TipTemplateId	Notice	zh_CN	en_US	pt_BR	ru_RU	ko_KR	de_DE	fr_FR	es_ES	it_IT	in_ID	th_TH	tr_TR	vi_VN	ja_JP
枚举类型	模板说明	备注	中文	英文	葡萄牙语	俄语	韩语	德语	法语	西语	意大利语	印尼语	泰语	土耳其	越南语	日语
1	Minute	通用	分钟	minutes	Minutos	Минут	분	Minuten	Minutes	Minutos	Minuto	Menit	minutes	Dakika	phút	minutes
2	Second		秒	seconds	Segundos	Секунд	초	Sekunden	Secondes	Segundos	Secondo	Detik	seconds	Saniye	giây	seconds
3	MsgWelcomePlayer		▢FF00FF00欢迎来到▢FFFFFFFF%1s▥	▢FF00FF00Welcome to ▢FFFFFFFF%1s.▥	▢FF00FF00Bem Vindo ▢FFFFFFFF%1s.▥	▢FF00FF00Добро пожаловать в ▢FFFFFFFF%1s.▥	▢FF00FF00에 오신 것을 환영합니다.▢FFFFFFFF%1s▥	▢FF00FF00Willkommen bei▢FFFFFFFF%1s▥	▢FF0000FFBienvenue ▢FFFF0000%1s▥	Bienvenido a ▢FFFFFFFF%1s	▢FF00FF00Benvenuto in %1s	▢FF00FF00Selamat datang di ▢FFFFFFFF%1s	▢FF00FF00Welcome to ▢FFFFFFFF%1s.▥	▢FF00FF00Hoş geldiniz ▢FFFFFFFF%1s	▢FF00FF00Chào mừng đến với ▢FFFFFFFF%1s	▢FF00FF00Welcome to ▢FFFFFFFF%1s.▥
4	MsgWaitPlayerEnough		▢FF00FF00等待足够的玩家进入游戏，游戏将在%1s%2s▢FF00FF00后开始。▥	▢FF00FF00Waiting for enough players otherwise game will start in %1s %2s▥	▢FF00FF00Esperando jogadores, o jogo começará em %1s %2s▥	▢FF00FF00Ожидание игроков... Игра начнётся через %1s %2s▥	▢FF00FF00다른 게이머가 게임에 들어오기를 기다려주세요. 게임은 %1s%2s▢FF00FF00후에 시작합니다.▥	▢FF00FF00Warte auf genügend Spieler, das Spiel wird nach%1s%2s▢FF00FF00 beginnen.▥	▢FF0000FFVeuillez patienter que suffisamment de joueurs entrent dans le jeu et le jeu débutera après ▢FF00FF00%1s%2s	▢FF00FF00Espere que suficientes jugadores entren al juego y el juego comenzará después de▢FF00FF00%1s%2s.	▢FF00FF00Attendi che entrino in gioco abbastanza giocatori e il gioco inizierà dopo ▢FFFF0000%1s%2s.	▢FF00FF00Tunggu pemain yang cukup masuk pada dalam game dan akan dimulai setelah ▢FF00FFFF%1s%2s.	▢FF00FF00Waiting for enough players otherwise game will start in %1s %2s▥	▢FF00FF00Yeterli oyuncunun oyuna girmesi için bekleyin ve oyun %1s%2s▢FF00FF00 sonra başlayacak.	▢FF00FF00Chờ đủ người chơi vào tham gia, trò chơi sẽ bắt đầu sau ▢FF00FFFF%1s%2s.	▢FF00FF00Waiting for enough players otherwise game will start in %1s %2s▥
5	MsgGameStartTimeHint		▢FF00FF00游戏将在%1s%2s▢FF00FF00后开始。▥	▢FF00FF00The game will start in %1s %2s▥	▢FF00FF00O Jogo Começará em %1s %2s▥	▢FF00FF00Игра начнётся через %1s %2s▥	▢FF00FF00게임은 %1s%2s후에 시작합니다.▥	▢FF00FF00Das Spiel wird nach %1s%2s▢FF00FF00 beginnen.▥	▢FF0000FFLe jeu débutera dans▢FFFF0000%1s%2s.	▢FF00FF00El juego comenzará después de▢FF00FF00%1s%2s..	▢FF00FF00Il gioco inizierà dopo ▢FFFF0000%1s%2s.	▢FF00FF00Game akan dimulai setelah ▢FF00FFFF%1s%2s.	▢FF00FF00The game will start in %1s %2s▥	▢FF00FF00Oyun %1s%2s▢FF00FF00 sonra başlayacak.	▢FF00FF00Trò chơi sẽ bắt đầu sau ▢FF00FFFF%1s%2s.	▢FF00FF00The game will start in %1s %2s▥
6	MsgGameEndTimeHint		▢FF00FF00游戏将在%1s%2s▢FF00FF00后结束。▥	▢FF00FF00The game will end after %1s %2s▥	▢FF00FF00O Jogo Vai Acabar Após %1s %2s▥	▢FF00FF00Игра завершится через %1s %2s▥	▢FF00FF00게임은 %1s%2s후에 끝납니다.▥	▢FF00FF00Das Spiel wird nach %1s%2s▢FF00FF00 enden.▥	▢FF0000FFLe jeu se terminera dans ▢FFFF0000%1s%2s.	▢FF00FF00El juego terminará en▢FF00FF00%1s%2s..	▢FF00FF00Il gioco terminerà in ▢FFFF0000%1s%2s.	▢FF00FF00Game akan berakhir di ▢FF00FFFF%1s%2s.	▢FF00FF00The game will end after %1s %2s▥	▢FF00FF00Oyun %1s%2s▢FF00FF00 sona erecek.	▢FF00FF00Trò chơi sẽ kết thúc sau ▢FF00FFFF%1s%2s.	▢FF00FF00The game will end after %1s %2s▥
7	MsgPvpEnableAfter		▢FF00FF00PVP将在%1s%2s▢FF00FF00后开始。▥	▢FF00FF00PVP enables after %1s %2s▥	▢FF00FF00O PVP Vai Começar em %1s %2s▥	▢FF00FF00PVP будет включено через %1s %2s▥	▢FF00FF00PVP는 %1s%2s후에 시작합니다.▥	▢FF00FF00PVP wird nach %1s%2s▢FF00FF00 beginnen.▥	▢FF0000FFPVP débutera dans ▢FFFF0000%1s%2s.	▢FF00FF00PVP comenzará después de▢FF00FF00%1s%2s..	▢FF00FF00PVP inizierà dopo ▢FFFF0000%1s%2s.	▢FF00FF00PVT akan dimulai setelah ▢FF00FFFF%1s%2s.	▢FF00FF00PVP enables after %1s %2s▥	▢FF00FF00PVP %1s%2s▢FF00FF00 sonra başlayacak.	▢FF00FF00PVP sẽ bắt đầu sau ▢FF00FFFF%1s%2s.	▢FF00FF00PVP enables after %1s %2s▥
8	MsgFightGameStartTimeHint		▢FF00FF00最后的决斗将在%1s%2s▢FF00FF00后开始。▥	▢FF00FF00Death match will start after %1s %2s▥	▢FF00FF00ABatalha da morte vai começar em %1s %2s▥	▢FF00FF00Матч начнётся через %1s %2s▥	▢FF00FF00최후의 결투는 %1s%2s후에 시작합니다.▥	▢FF00FF00Das finale Duell wird nach %1s%2s▢FF00FF00 beginnen.▥	▢FF0000FFLa bataille finale débutera dans ▢FFFF0000%1s%2s.	▢FF00FF00El duelo final comenzará después de▢FF00FF00%1s%2s..	▢FF00FF00Il duello finale inizierà dopo ▢FFFF0000%1s%2s.	▢FF00FF00Duel terakhir akan dimulai setelah ▢FF00FFFF%1s%2s.	▢FF00FF00Death match will start after %1s %2s▥	▢FF00FF00Final düello %1s%2s▢FF00FF00 sonra başlayacak.	▢FF00FF00Quyết đấu cuối cùng sẽ bắt đầu sau ▢FF00FFFF%1s%2s.	▢FF00FF00Death match will start after %1s %2s▥
9	MsgCloseServerTimeHint		▢FF00FF00服务器将在%1s%2s▢FF00FF00后关闭。▥	▢FF00FF00Server will be closed after %1s %2s▥	▢FF00FF00O Servidor vai fechar em %1s %2s▥	▢FF00FF00Сервер будет закрыт через %1s %2s▥	▢FF00FF00서버는 %1s%2s후에 닫겠습니다.▥	▢FF00FF00Der Server wird nach %1s%2s▢FF00FF00 schließen.▥	▢FF0000FFLe serveur s'arrêtera dans ▢FFFF0000%1s%2s.	▢FF00FF00El servidor se apagará después de▢FF00FF00%1s%2s..	▢FF00FF00Il server si spegnerà dopo ▢FFFF0000%1s%2s.	▢FF00FF00Server akan ditutup setelah ▢FF00FFFF%1s%2s.	▢FF00FF00Server will be closed after %1s %2s▥	▢FF00FF00Sunucu %1s%2s▢FF00FF00 sonra kapanacak.	▢FF00FF00Máy chủ sẽ đóng sau ▢FF00FFFF%1s%2s.	▢FF00FF00Server will be closed after %1s %2s▥
10	MsgGameStart		▢FF00FF00游戏开始，祝你好运。▥	▢FF00FF00Game Start, Good Luck.▥	▢FF00FF00O Jogo Começou, Boa Sorte.▥	▢FF00FF00Игра началась! Удачи.▥	▢FF00FF00게임 시작, 굿 럭!▥	▢FF00FF00Start viel Glück.▥	▢FF0000FFLe jeu commence, bonne chance.	▢FF00FF00El juego comienza, te deseo buena suerte.	▢FF00FF00Il gioco inizia, ti auguro buona fortuna.	▢FF00FF00Mulai game, semoga anda beruntung.	▢FF00FF00Game Start, Good Luck.▥	▢FF00FF00Bu oyun başlıyor, iyi şanslar.	▢FF00FF00Trò chơi bắt đầu, chúc bạn may mắn.	▢FF00FF00Game Start, Good Luck.▥
11	MsgReadyHint		▢FF00FF00游戏开始，你有▢FFFF0000%1s▢FF00FF00秒的时间去探索地图。▥	▢FF00FF00Game has started, you have ▢FFFF0000%1s▢FF00FF00 seconds to explore the map.▥	▢FF00FF00O Jogo Vai Começar, você tem ▢FFFF0000%1s▢FF00FF00 Segundos para explorar o mapa.▥	▢FF00FF00Игра началась! У вас есть ▢FFFF0000%1s▢FF00FF00 секунд на исследование локации.▥	▢FF00FF00게임 시작, ▢FFFF0000%1s▢FF00FF00초로 지도 탐색 가능합니다.▥	▢FF00FF00Start. Sie haben ▢FFFF0000%1s▢FF00FF00 Sekunden, um die Karte zu entdecken.▥	▢FF0000FFLe jeu commence,vous avez ▢FFFF0000%1s▢FF0000FF secondes pour explorer la carte.	▢FF00FF00El juego comienza, tienes ▢FFFF0000%1s▢FF00FF00 segundos para explorar el mapa.	▢FF00FF00Il gioco inizia, hai ▢FFFF0000%1s▢FF00FF00 secondi per esplorare la mappa.	▢FF00FF00Mulai game, Anda memiliki waktu ▢FFFF0000%1s▢FF00FF00 detik untuk menjelajahi peta.	▢FF00FF00Game has started, you have ▢FFFF0000%1s▢FF00FF00 seconds to explore the map.▥	▢FF00FF00Oyun başlıyor, haritayı keşfetmek için ▢FFFF0000%1s▢FF00FF00 saniyeniz var.	▢FF00FF00Trò chơi bắt đầu, bạn có thời gian ▢FFFF0000%1s▢FF00FF00 để xem bản đồ.	▢FF00FF00Game has started, you have ▢FFFF0000%1s▢FF00FF00 seconds to explore the map.▥
12	MsgGameOverByLittle		▢FF00FFFF玩家人数不够，游戏结束。▥	▢FF00FFFFThe number of players is not enough, game over.▥	▢FF00FFFFO Número de jogadores não é suficiente, Fim de jogo.▥	▢FF00FFFFИгроков. Не достаточно! Игра окончена. ▥	▢FF00FFFF게이머 수가 부족합니다. 게임 오버.▥	▢FF00FFFFDie Anzahl der Spieler ist nicht genug. Game Over▥	▢FF0000FFLe nombre de joueurs n'est pas suffisant, le jeu est terminé.	▢FF00FFFFLa cantidad de jugadores no es suficiente, el juego ha terminado.	▢FF00FFFFIl numero di giocatori non è sufficiente, il gioco è finito.	▢FF00FFFFJumlah pemain tidak cukup, game over.	▢FF00FFFFThe number of players is not enough, game over.▥	▢FF00FFFFOyuncu sayısı yeterli değil, oyun bitti.	▢FF00FFFFSố lượng người chơi không đủ, trò chơi kết thúc.	▢FF00FFFFThe number of players is not enough, game over.▥
13	MsgPlayerLeft		▢FF00FFFF还有▢FFFF0000%1s▢FF00FFFF个玩家。▥	▢FF00FFFFThere are ▢FFFF0000%1s▢FF00FFFF survivors left.▥	▢FF00FFFFTem ▢FFFF0000%1s▢FF00FFFF Sobreviventes.▥	▢FF00FFFFОсталось ▢FFFF0000%1s▢FF00FFFF игрок(а/ов) .▥	▢FF00FFFF게이머 ▢FFFF0000%1s▢FF00FFFF명 남아있습니다.▥	▢FF00FFFFNoch ▢FFFF0000%1s▢FF00FFFF Spieler.▥	▢FF0000FFIl y a encore ▢FFFF0000%1s▢FF0000FF joueurs.	▢FF00FFFFHay ▢FFFF0000%1s▢FF00FFFF jugadores.	▢FF00FFFFCi sono giocatori di ▢FFFF0000%1s.	▢FF00FFFFMasih ada ▢FFFF0000%1s▢FF00FFFF pemain.	▢FF00FFFFThere are ▢FFFF0000%1s▢FF00FFFF survivors left.▥	▢FFFF0000%1s▢FF00FFFF oyuncu var.	▢FF00FFFFVẫn còn ▢FFFF0000%1s▢FF00FFFF người chơi.	▢FF00FFFFThere are ▢FFFF0000%1s▢FF00FFFF survivors left.▥
14	MsgPlayerCount		▢FFFF0000%1s▢FF00FFFF个玩家进入了游戏。▥	▢FFFF0000%1s▢FF00FFFF players in game.▥	▢FFFF0000%1s▢FF00FFFFJogadores na partida.▥	▢FFFF0000%1s▢FF00FFFFигроков в игре.▥	▢FFFF0000게이머 %1s▢FFFFD700명 남아있습니다.▥	▢FFFF0000%1s▢FF00FFFF%1s▢FF00FFFFSpieler kommen.▥	▢FFFF0000%1s▢FF00FFFF joueurs sont entrés dans le jeu.	▢FFFF0000%1s▢FF00FFFF jugadores ingresaron al juego.	▢FFFF0000%1s giocatori sono entrati nel gioco.	▢FFFF0000%1s pemain memasuk kepada game.	▢FFFF0000%1s▢FF00FFFF players in game.▥	▢FFFF0000%1s▢FF00FFFF oyuncu oyuna girdi.	▢FFFF0000%1s▢FF00FFFF người chơi đã tham gia trò chơi.	▢FFFF0000%1s▢FF00FFFF players in game.▥
15	MsgPlayerQuit		%1s▢FF00FFFF退出了游戏。▥	%1s▢FF00FFFF quits the game.▥	%1s▢FF00FFFF Saíram do jogo.▥	▢FF00FFFFИгрок▢ %1s▢FF00FFFF покинул игру.▢	%1s▢FFFFD700 게임 떠났습니다.▥	%1s▢FF00FFFF das Spiel verlassen▥	%1s▢FF00FFFF joueurs ont quitté le jeu.	%1s▢FF00FFFF abandona el juego.	▢FFFF0000%1s▢FF00FF00 ha lasciato il gioco.	%1s▢FF00FFFF keluar dari game	%1s▢FF00FFFF quits the game.▥	%1s▢FF00FFFF oyundan çıktı.	%1s▢FF00FFFF đã rời trò chơi.	%1s▢FF00FFFF quits the game.▥
16	MsgPlayerKillPlayer		%1s▢FF00FFFF被▢FFFFFFFF%2s▢FF00FFFF杀死了。▥	%1s▢FF00FFFF was slained by ▢FFFFFFFF%2s▢FF00FFFF.▥	%1s▢FF00FFFF Foi morto por ▢FFFFFFFF%2s▢FF00FFFF.▥	▢FF00FFFFИгрок▢ %1s▢FF00FFFF был убит игроком ▢FFFFFFFF%2s▢FF00FFFF.▥	%1s▢FFFFD700는 %2s에게 살해되었습니다.▥	%1s▢FF00FFFF wurde ▢FFFFFFFF%2s▢FF00FFFF getötet.▥	%1s▢FF00FFFF a été tué par ▢FFFFFFFF%2s.	%1s▢FF00FFFF fue asesinado por ▢FFFFFFFF%2s.	▢FFFF0000%1s▢FF00FF00 è stato ucciso ▢FFFF0000%2s.	%1s▢FF00FFFF dibunuh oleh ▢FF00FF00%2s .	%1s▢FF00FFFF was slained by ▢FFFFFFFF%2s▢FF00FFFF.▥	%1s▢FF00FFFF, %2s▢FF00FFFF tarafından öldürüldü .	%1s▢FF00FFFF bị ▢FFFFFFFF%2s▢FF00FFFF tiêu diệt.	%1s▢FF00FFFF was slained by ▢FFFFFFFF%2s▢FF00FFFF.▥
17	MsgFirstKill		%1s▢FFFFD700完成了首杀。▥	%1s▢FFFFD700 gets the First Blood!▥	%1s▢FFFFD700 Obteve o Primeiro Sangue!▥	%1s▢FFFFD700 совершает первое убийство!▥	%1s▢FFFFD700는 첫 kill 했습니다.▥	%1s▢FFFFD700 first blood ▥	▢%1s▢FFFFD700 a tué la première victime.	%1s▢FFFFD700 ha completado el primer asesinato.	▢FFFF0000%1s▢FF00FF00 ha completato la prima uccisione.	%1s▢FFFFD700 menyelesaikan pembunuhan pertama.	%1s▢FFFFD700 gets the First Blood!▥	%1s▢FFFFD700 ilk öldürmeyi tamamladı.	%1s▢FFFFD700 đã hoàn thành tiêu diệt lần đầu tiên.	%1s▢FFFFD700 gets the First Blood!▥
18	MsgDoubleKill		%1s▢FFFFD700完成了双杀。▥	%1s▢FFFFD700 gets a double kill!▥	%1s▢FFFFD700 Fez um Duplo assassinato!▥	%1s▢FFFFD700 совершает двойное убийство!▥	%1s▢FFFFD700는 더블 kill 했습니다.▥	%1s▢FFFFD700 double kill▥	%1s▢FFFFD700 a fait un double massacre.	%1s▢FFFFD700 ha completado doble muerte.	▢FFFF0000%1s▢FF00FF00 ha completato il doppio kill.	%1s▢FFFFD700 menyelesaikan membunuh ganda	%1s▢FFFFD700 gets a double kill!▥	%1s▢FFFFD700 çift öldürmeyi tamamladı.	%1s▢FFFFD700 đã hoàn thành tiêu diệt lần hai。	%1s▢FFFFD700 gets a double kill!▥
19	MsgThirdKill		%1s▢FFFFD700已经超神了。▥	%1s▢FFFFD700 is god like!▥	%1s▢FFFFD700 Ninguém segura ele!▥	%1s▢FFFFD700 бог войны!▥	%1s▢FFFFD700 대박입니다.▥	%1s▢FFFFD700 legendary▥	%1s▢FFFFD700 a acquis un  super pouvoir.	%1s▢FFFFD700 ha sido super-dios.	▢FFFF0000%1s▢FF00FF00 è stato super-dio.	%1s▢FFFFD700 telah menjadi Super God.	%1s▢FFFFD700 is god like!▥	%1s▢FFFFD700 süper-tanrı olmuştur.	%1s▢FFFFD700 đã như thần rồi.	%1s▢FFFFD700 is god like!▥
20	MsgFiveKill		%1s▢FFFFD700已经无人可挡了。▥	%1s▢FFFFD700 is unstoppable!▥	%1s▢FFFFD700 Ele É Imparável!!▥	▢FFFFD700игрока▢ %1s▢FFFFD700 не остановить!▥	%1s▢FFFFD700는 이미 막을 수가 없습니다.▥	%1s▢FFFFD700 unstoppable▥	▢FF0000FFAucune personne ne peut arrêter ▢FFFF0000%1s▢FF00FF00.	%1s▢FFFFD700 ha sido imparable.	▢FFFF0000%1s▢FF00FF00 è stato inarrestabile.	%1s▢FFFFD700 sudah tidak ada yang bisa menghalangi	%1s▢FFFFD700 is unstoppable!▥	%1s▢FFFFD700 durdurulamaz olmuştur.	%1s▢FFFFD700 đã trờ thành không ai địch nỗi.	%1s▢FFFFD700 is unstoppable!▥
21	MsgFightGameStart		▢FF00FFFF最后的决斗开始了，战斗到最后的将是胜者。▥	▢FF00FFFFDeath match has started, fight for the last winner!▥	▢FF00FFFFA partida da morte começou, lute! o último vivo será o vencedor!▥	▢FF00FFFFНачался матч смерти! Сражайтесь за победу▥	▢FF00FFFF최후의 결투는 시작합니다. 마지막 생존자는 최후의 우승자입니다.▥	▢FF00FFFFDas finale Duell beginnt.Das Finale wird der Gewinner sein.▥	▢FF00FFFFLa bataille finale commence, celui qui se bat jusqu'à la fin sera le vainqueur.	▢FF00FFFFEl duelo final comienza, y el que lucha hasta la batalla final será el ganador.	▢FF00FFFFIl duello finale inizia e la battaglia finale sarà il vincitore.	▢FF00FFFFDuel terakhir sudah mulai, yang pertarungan sampai akhir akan menjadi pemenangnya.	▢FF00FFFFDeath match has started, fight for the last winner!▥	▢FF00FFFFSon düello başlıyor, sonuna kadar mücadele eden kazanır.	▢FF00FFFFTrận quyết đấu cuối cùng đã bắt đầu, chiến đấu đến cuối cùng sẽ là kẻ chiến thắng.	▢FF00FFFFDeath match has started, fight for the last winner!▥
22	MsgWinnerInfo		▢FFFFD700恭喜！▢FFFFFFFF%1s▢FFFFD700战斗到最后，成为这场战斗的胜利者。▥	▢FFFFD700Congratulation! ▢FFFFFFFF%1s▢FFFFD700 is the winner who was the last suvival!▥	▢FFFFD700Parabéns! ▢FFFFFFFF%1s▢FFFFD700 Você é o vencedor, Foi o Ultimo sobrevivente!▥	▢FFFFD700Поздравляем! Игрок ▢FFFFFFFF%1s▢FFFFD700 остался в живых!▥	▢FFFFD700축하합니다!▢FFFFFFFF%1s▢FFFFD700는 끝까지 버티고 최후의 우승자가 됩니다.▥	▢FFFFD700Herzlichen Glückwunsch.▢FFFFFFFF%1s▢FFFFD700 Kämpfe bis zum Ende.▢FFFFFFFF%1s▢FFFFD700 ist der Gewinner ▥	▢FF0000FFFélicitations! ▢FFFF0000%1s▢FF0000FF s'est battu jusqu'à la fin, il devient le vainqueur de cette bataille.	▢FFFFD700Felicidades !▢FFFFFFFF%1s▢FFFFD700 lucha hasta el final y se convierte en el ganador de esta batalla.	▢FFFFD700Complimenti! ▢FFFFFFFF%1s▢FFFFD700 Combatti fino alla fine per diventare il vincitore di questa battaglia.	▢FFFFD700Selamat! ▢FFFFFFFF%1s▢FFFFD700 Pertarungan sampai akhir, berhasil menjadi pemenang dalam pertempuran ini.	▢FFFFD700Congratulation! ▢FFFFFFFF%1s▢FFFFD700 is the winner who was the last suvival!▥	▢FFFFD700Tebrikler! ▢FFFFFFFF%1s▢FFFFD700 Bu savaşın sonuna kadar mücadele et, savaşın galibi ol.	▢FFFFD700Xin chúc mừng！▢FFFFFFFF%1s▢FFFFD700 đã chiến đấu đến cuối cùng, trở thành kẻ chiến thắng trận chiến này.	▢FFFFD700Congratulation! ▢FFFFFFFF%1s▢FFFFD700 is the winner who was the last suvival!▥
23	MsgGameOver		▢FFFF0000游戏结束。▥	▢FFFF0000Game Over.▥	▢FFFF0000Fim de Jogo.▥	▢FFFF0000Игра окончена.▥	▢FFFF0000게임 오버.▥	▢FFFF0000Game Over▥	▢FFFF0000Le jeu est terminé.	▢FFFF0000El juego ha terminado.	▢FFFF0000Il gioco è finito.	▢FFFF0000Game over.	▢FFFF0000Game Over.▥	▢FFFF0000Oyun bitti.	▢FFFF0000Trò chơi kết thúc.	▢FFFF0000Game Over.▥
24	MsgGameOverWin		▢FFFFD700游戏结束，你胜利了。▥	▢FFFFD700Game Over. You are the winner.▥	▢FFFFD700Fim de jogo. Você é o vencedor.▥	▢FFFFD700Игра окончена. Вы победили! ▥	▢FFFFD700게임 오버, 당신은 승리했습니다.▥	▢FFFFD700Game Over. Sie winnen.▥	▢FFFFD700Le jeu est terminé, vous avez gagné.	▢FFFFD700El juego terminó, tú has ganado.	▢FFFFD700Il gioco è finito e tu vinci.	▢FFFFD700Game over, anda menang.	▢FFFFD700Game Over. You are the winner.▥	▢FFFFD700Oyun bitti ve sen kazandın.	▢FFFFD700Trò chơi kết thúc, bạn thắng rồi.	▢FFFFD700Game Over. You are the winner.▥
25	MsgGameOverDeath		▢FFFF0000游戏结束，你已经死亡了。▥	▢FFFF0000Game Over. You have lost.▥	▢FFFF0000Fim de Jogo. Você Perdeu.▥	▢FFFF0000Игра окончена. Вы проиграли! ▥	▢FFFF0000게임 오버, 당신은 죽었습니다.▥	▢FFFF0000Game Over. Sie sind tot.▥	▢FFFF0000Le jeu est terminé, vous êtes mort.	▢FFFFD700El juego terminó, estás muerto.	▢FFFF0000Il gioco è finito, sei morto.	▢FFFF0000Game over, anda sudah mati.	▢FFFF0000Game Over. You have lost.▥	▢FFFF0000Oyun bitti, sen kaybettin.	▢FFFF0000Trò chơi kết thúc, bạn đã chết.	▢FFFF0000Game Over. You have lost.▥
26	MsgNoWinPlayer		▢FFFFD700不止一个玩家生存下来，这场比赛没有胜利者。▥	▢FFFFD700More than one player survives, so there is no winner in this round, good luck next time!▥	▢FFFFD700Mais de um jogador sobreviveu, então não há nenhum vencedor nesta Partida, Mas sorte da próxima vez!▥	▢FFFFD700Время вышло. Нет победителя! Выжило более одного игрока! Удачи в следующей игре. ▥	▢FFFFD700한 플레이어만이 살아남는 것은 아니여서 본 경기에는 우승자가 없습니다.▥	▢FFFFD700Mehr als ein Spieler hat überlebt, es gab keinen Gewinner im Spiel.▥	▢FFFFD700Plus d'un joueur ont survécu, aucun vainqueur pour cette bataille.	▢FFFFD700Más de un jugador sobrevivió, no hubo ganador en el juego.	▢FFFFD700Più di un giocatore è sopravvissuto, non c'era nessun vincitore nel gioco.	▢FFFFD700Bukan satu saja pemain yang berhasil menahankan nyawa, pertarungan ini tidak ada pemenang.	▢FFFFD700More than one player survives, so there is no winner in this round, good luck next time!▥	▢FFFFD700Birden fazla oyuncu hayatta kaldı, oyunda kazanan olmadı.	▢FFFFD700Không chỉ một người chơi sống sót. Trận đấu này không có người chiến thắng.	▢FFFFD700More than one player survives, so there is no winner in this round, good luck next time!▥
27	MsgNoWinTeam		▢FFFFD700不止一个队伍生存下来，这场比赛没有胜利者，祝你下一次取得胜利！▥	▢FFFFD700More than one team survive, no winner in this round, good luck next time!▥	▢FFFFD700Mas De Uma Equipe Sobreviveu a esta partida, Mas Sorte da próxima vez!▥	▢FFFFD700Время вышло. Нет победителя! Выжило более одной команды! Удачи в следующей игре.▥	▢FFFFD700한 팀만이 살아남는 것은 아니여서 본 경기에는 우승자가 없습니다.다음 번에 승리를 기원합니다!▥	▢FFFFD700Mehr als ein Team hat überlebt, es gibt keinen Gewinner im Spiel, wünsche Ihnen den nächsten Sieg!▥	▢FFFFD700Plus d'une équipe ont survécu, aucun vainqueur pour cette bataille, bonne chance pour la prochaine fois!	▢FFFFD700Más de un equipo sobrevivió, no hay ganador en este juego, ¡te deseo la próxima victoria!	▢FFFFD700Più di una squadra è sopravvissuta, non c'è nessun vincitore in questo gioco, ti auguro la prossima vittoria!	▢FFFFD700Bukan satu saja tim yang berhasil menahankan nyawa, pertarungan ini tidak ada pemenang, semoga Anda berhasil di akan datang.	▢FFFFD700More than one team survive, no winner in this round, good luck next time!▥	▢FFFFD700Birden fazla takım hayatta kaldı, bu oyunda kazanan yok, size bir sonraki zaman zafer diliyorum!	▢FFFFD700Không chỉ một người chơi sống sót. Trận đấu này không có người chiến thắng. Chúc bạn giành chiến thắng trận tiếp theo.	▢FFFFD700More than one team survive, no winner in this round, good luck next time!▥
28	MsgGameOverHint		▢FF00FFFF你将会在▢FFFF0000%1s秒▢FF00FFFF内被传送回重生点。▥	▢FF00FFFFTeleport to Death Match Place After▢FFFF0000 %1s seconds▢FF00FFFF.▥	▢FF00FFFFTeleportar para a Batalha da morte em▢FFFF0000 %1s Segundos▢FF00FFFF.▥	▢FF00FFFFТелепортация на арену смерти! Осталось ▢FFFF0000 %1s секунд▢FF00FFFF.▥	▢FF00FFFF당신은 ▢FFFF0000%1s▢FF00FFFF초안에 재생 지점으로 전송되겠습니다.▥	▢FF00FFFFSie werden in ▢FFFF0000%1s ▢FF00FFFFSekunden zurück zum Wiedergeburtsort geschickt.▥	▢FF00FFFFVous serez renvoyé au point de renaissance dans ▢FFFF0000%1s▢FF00FFFF secondes.▥	▢FF00FFFFSerás enviado de vuelta al punto de renacimiento en ▢FFFF0000%1s▢FF00FFFF segundos.	▢FF00FFFFVerrai reindirizzato al punto di rinascita in ▢FFFF0000%1s▢FF00FFFF secondi.	▢FF00FFFFAnda akan balik kembali ke titik lahir dalam ▢FFFF0000%1s▢FF00FFFF detik.	▢FF00FFFFTeleport to Death Match Place After▢FFFF0000 %1s seconds▢FF00FFFF.▥	▢FFFF0000%1s▢FF00FFFF saniye içinde yeniden doğuş noktası gönderileceksiniz.	▢FF00FFFFBạn sẽ bị chuyển đến điểm hồi sinh sau ▢FFFF0000%1s▢FF00FFFF giây.	▢FF00FFFFTeleport to Death Match Place After▢FFFF0000 %1s seconds▢FF00FFFF.▥
29	MsgGameResetFinish		▢FF00FFFF地图重置完毕。▥	▢FF00FFFFFinished reseting the map.▥	▢FF00FFFFO Mapa Foi Restaurado.▥	▢FF00FFFFЗавершён процесс сброса карты!▥	▢FF00FFFF지도 최기화 완료▥	▢FF00FFFFDie Karte hat schon zurückgesetzt.▥	▢FF00FFFFLa réinitialisation de la carte est terminée.	▢FF00FFFFEl mapa se reinicia.	▢FF00FFFFLa mappa viene ripristinata.	▢FF00FFFFPeta di reset.	▢FF00FFFFFinished reseting the map.▥	▢FF00FFFFHarita sıfırlandı.	▢FF00FFFFThiết lập lại bản đồ đã hoàn tất.	▢FF00FFFFFinished reseting the map.▥
30	MsgTeleDead		▢FF00FF00离传送到死亡竞技场还剩▢FFFF0000%1s▢FF00FF00秒▥	▢FF00FF00You will be Teleported to dead battle in ▢FFFF0000%1s▢FF00FF00 seconds.▥	▢FF00FF00Você será teleportado para a batalha da morte em ▢FFFF0000%1s▢FF00FF00 segundos.▥	▢FF00FF00Вы будете телепортированы на арену через ▢FFFF0000%1s▢FF00FF00 секунд.▥	▢FF00FF00사망경기장까지 ▢FFFF0000%1s▢FF00FF00만 남았습니다.▥	▢FFFF0000%1s▢FF00FF00 Sekunden sind bis zum Tod der Arena übrig geblieben▥	▢FF0000FF%1s▢FF00FF00 secondes restantes avant l'envoi à l'arène de la mort	▢FF00FF00Quedan ▢FFFF0000%1s▢FF00FF00 segundos antes de enviar a la arena de la muerte.	▢FF00FF00Lasciato ▢FFFF0000%1s▢FF00FF00 prima di inviare all'arena della morte	▢FF00FF00Waktu tersisa ▢FFFF0000%1s▢FF00FF00 detik sebelum masuk ke arena kematian	▢FF00FF00You will be Teleported to dead battle in ▢FFFF0000%1s▢FF00FF00 seconds.▥	▢FF00FF00Ölüm arenası gönderilmeden önce ▢FFFF0000%1s▢FF00FF00 kaldı.	▢FF00FF00Còn ▢FFFF0000%1s▢FF00FF00 giây để chuyển đến đấu trường sinh tử	▢FF00FF00You will be Teleported to dead battle in ▢FFFF0000%1s▢FF00FF00 seconds.▥
31	BedWarGameName	起床战争	起床战争	Bed Wars	Bed War	Bed War	Bed War	Bed Wars	Bed Wars	Bed Wars	Bed Wars	Bed Wars	Bed Wars	Bed Wars	Bed Wars	Bed War
32	BedWarBreakBed		%1s▢FFFFFFFF队的床已经被破坏，破坏者是%2s。▥	▢FFFFFFFFThe bed of team %1s ▢FFFFFFFFhas been destroyed by team %2s.▥	▢FFFFFFFFa Cama do time %1s ▢FFFFFFFFFoi destruída pelo time %2s.▥	▢FFFFFFFFКровать команды %1s  ▢FFFFFFFFбыла уничтожена командой %2s.▥	%1s▢FFFFD700팀의 침대는 이미 파괴되었습니다. 파괴자는 %2s였습니다.▥	%1s▢FFFFFFFF Bett wurde zerstört, Zerstörer ist% 2s.	▢FF0000FFLe lit de l'équipe ▢FFFF0000%1s▢FF00FF00 a été détruit, le destructeur est ▢FFFF0000%2s.	La cama del equipo %1s▢FFFFFFFF ha sido destruida, el destructor es %2s.	▢FFFF0000Il letto della squadra ▢FFFF0000%1s▢FF00FF00 è stato distrutto, il cacciatorpediniere è ▢FFFF0000%2s.	Tempat tidu Grup %1s▢FFFFFFFF sudah dihancurkan, perusak adalah %2s	▢FFFFFFFFThe bed of team %1s ▢FFFFFFFFhas been destroyed by team %2s.▥	%1s▢FFFFFFFF takımın yeri yok edildi, yok eden %2s.	Giường của đội %1s▢FFFFFFFF đã bị hư hại, người phá hoại là %2s.	▢FFFFFFFFThe bed of team %1s ▢FFFFFFFFhas been destroyed by team %2s.▥
33	BedWarUpgrade		升级成功	Upgarde Successful!	Melhorado Com Sucesso!!	Успешно обновлено! 	업그레이드 성공	Die Eskalation ist fertig 	La mise à jour a réussi	Actualización exitosa	Aggiornamento riuscito	Berhasil upgrade	Upgarde Successful!	Güncelleme başarılı oldu	Nâng cấp thành công	Upgarde Successful!
34	SpleefGameName	掘一死战	掘一死战	Bow Spleef	Bow Spleef	Bow Spleef	Bow Spleef	Bow Spleef	Bow Spleef	Bow Spleef	Bow Spleef	Bow Spleef	Bow Spleef	Bow Spleef	Bow Spleef	Bow Spleef
35	SpleefGameData		▢FF00FFFF玩家数: %1s ▢FF00FF00时间: %2s ▢FFFFFF00分数: %3s▥	▢FF00FFFFPlayers: %1s ▢FF00FF00Time: %2s ▢FFFFFF00Score: %3s▥	▢FF00FFFFJogadores: %1s ▢FF00FF00Tempo: %2s ▢FFFFD700Ouro: %3s ▢FFFFFF00Pontos: %4s▥	▢FF00FFFFИгроки: %1s ▢FF00FF00Время: %2s ▢FFFFD700Золото: %3s ▢FFFFFF00Счёт: %4s▥	▢FF00FFFF게이머 수: %1s▢FF00FF00 시간: %2s ▢FFFFD700금화: %3s ▢FFFFFF00점수: %4s▥	▢FF00FFFFSpieler:%1s ▢FF00FF00 Zeit:%2s ▢FFFFFF00Punkte: %3s▥	▢FF00FFFFJoueurs: %1s ▢FF00FF00 Temps: %2s ▢FFFFFF00 Score:%3s▥	▢FF00FFFFJugadores: %1s ▢FF00FF00Tiempo: %2s ▢FFFFFF00Puntuación: %3s▥	▢FF00FFFFGiocatori:%1s Tempo:%2s Punteggio:%3s	▢FF00FFFFPemain:%1s ▢FF00FF00Waktu:%2s ▢FFFFFF00Nilai:%3s▥	▢FF00FFFFPlayers: %1s ▢FF00FF00Time: %2s ▢FFFFFF00Score: %3s▥	▢FF00FFFFOyuncu:%1s ▢FF00FF00 Zaman:%2s ▢FFFFFF00 Skor:%3s	▢FF00FFFF Người chơi:%1s ▢FF00FF00 Thời gian: %2s ▢FFFFFF00 Điểm số: %3s	▢FF00FFFFPlayers: %1s ▢FF00FF00Time: %2s ▢FFFFFF00Score: %3s▥
36	ClanWarGameName	部落战争	部落战争	Clan Wars	Clan War	Clan War	Clan War	Clan Wars	Clan Wars	Clan Wars	Clan Wars	Clan Wars	Clan Wars	Clan Wars	Clan Wars	Clan War
37	ClanWarGameStartWelcome		▢FF00FF00欢迎来到战场！请拿你的武器夺取敌方队伍的旗帜，可以获得更多的积分。▥	▢FF00FF00Welcome to battlefield! Please take up your weapons to pillage the adverse flag and put it at your own placement of flag, and get more points.▥	▢FF00FF00Bem-vindo ao campo de batalha! Pegue suas armas para roubar as bandeiras do time adversário e coloque-as em seu próprio totem de bandeiras para obter mais pontos.▥	▢FF00FF00Добро пожаловать в Clan Wars! Пожалуйста возьмите предметы в сундуках. Доставьте флаг противника на свою базу и установите в соответствующие места для получения большего количества очков! ▥	▢FF00FF00전장에 오신 것을 환영합니다! 당신의 무기를 들고 적의 깃발을 빼앗아, 더 많은 포인트를 얻을 수 있도록 해 주세요.▥	▢FF00FF00Willkommen auf dem Schlachtfeld! Mit der Waffe die Fahnen des gegnerischen Teams zu erobern können Sie mehr Punkte bekommen.▥	▢FF00FF00FFBienvenue sur le champ de bataille! Veuillez prendre vos armes pour capturer le drapeau de l'équipe ennemie, en le faisant vous pouvez obtenir plus de points.	▢FF00FF00Bienvenido al campo de batalla! Por favor, toma tu arma para apoderarse de la bandera del equipo enemigo, puedes obtener más puntos.	▢FF00FF00Benvenuto sul campo di battaglia! Per favore prendi la tua arma per afferrare la bandiera della squadra nemica, puoi ottenere più punti.	▢FF00FF00Selamat datang di medan pertempuran! Silahkan ambil senjata Anda untuk merebut bendera tim musuh, Anda bisa mendapatkan koin yang lebih banyak.	▢FF00FF00Welcome to battlefield! Please take up your weapons to pillage the adverse flag and put it at your own placement of flag, and get more points.▥	▢FF00FF00Savaş alanına hoş geldiniz! Lütfen düşman takımın bayrağını ele geçirmek için silahlanın, daha fazla puan kazanabilirsiniz.	▢FF00FF00Chào mừng đến với trận chiến! Hãy cầm vũ khí lên để giành cờ của đối phương, bạn sẽ nhận được nhiều điểm.	▢FF00FF00Welcome to battlefield! Please take up your weapons to pillage the adverse flag and put it at your own placement of flag, and get more points.▥
38	ClanWarGameData	 	▢FF00FF00夺旗数 %1s▢FF00FF00 - %2s ▢FF00FF00杀人数%3s▢FF00FF00 - %4s▢FF00FF00 玩家数 %5s▢FF00FF00 - %6s ▢FF00FF00分数 %7s▢FF00FF00 - %8s	▢FF00FF00Flags %1s▢FF00FF00 - %2s ▢FF00FF00 Kills %3s▢FF00FF00 - %4s▢FF00FF00 Players %5s▢FF00FF00 - %6s ▢FF00FF00 Scores %7s▢FF00FF00 - %8s	▢FF00FF00Bandeiras %1s▢FF00FF00 - %2s ▢FF00FF00 Matou %3s▢FF00FF00 - %4s▢FF00FF00 Jogadores %5s▢FF00FF00 - %6s ▢FF00FF00 Pontos %7s▢FF00FF00 - %8s	▢FF00FF00Флаги: %1s▢FF00FF00 - %2s ▢FF00FF00 Убийства: %3s▢FF00FF00 - %4s▢FF00FF00 Игроки: %5s▢FF00FF00 - %6s ▢FF00FF00 Счёт: %7s▢FF00FF00 - %8s	▢FF00FF00Flags %1s▢FF00FF00 - %2s ▢FF00FF00 Kills %3s▢FF00FF00 - %4s▢FF00FF00 Players %5s▢FF00FF00 - %6s ▢FF00FF00 Scores %7s▢FF00FF00 - %8s	▢FF00FF00 Flag %1s▢FF00FF00 - %2s ▢FF00FF00Kills%3s▢FF00FF00 - %4s▢FF00FF00 Spieler %5s▢FF00FF00 - %6s ▢FF00FF00Punktzahl %7s▢FF00FF00 - %8s	▢FF00FF00Drapeau: %1s▢FF00FF00 - %2s ▢FF00FF00Tueurs%3s▢FF00FF00 - %4s▢FF00FF00 Joueurs %5s▢FF00FF00 - %6s ▢FF00FF00Score %7s▢FF00FF00 - %8s	▢FF00FF00Banderas %1s▢FF00FF00 - %2s Muertos %3s▢FF00FF00 - %4s▢FF00FF00 Jugadores %5s▢FF00FF00 - %6s ▢FF00FF00 Puntuación %7s▢FF00FF00 - %8s	▢FF00FF00 Bandiera %1s▢FF00FF00 - %2s ▢FF00FF00 Morti%3s▢FF00FF00 - %4s▢FF00FF00 Giocatori %5s▢FF00FF00 - %6s ▢FF00FF00Punteggi %7s▢FF00FF00 - %8s	▢FF00FF00Bendera %1s▢FF00FF00 - %2s ▢FF00FF00Kills%3s▢FF00FF00 - %4s▢FF00FF00 Pemain %5s▢FF00FF00 - %6s ▢FF00FF00Nilai %7s▢FF00FF00 - %8s	▢FF00FF00Flags %1s▢FF00FF00 - %2s ▢FF00FF00 Kills %3s▢FF00FF00 - %4s▢FF00FF00 Players %5s▢FF00FF00 - %6s ▢FF00FF00 Scores %7s▢FF00FF00 - %8s	▢FF00FF00Bayrak %1s▢FF00FF00 - %2s ▢FF00FF00 Öldürme %3s▢FF00FF00 - %4s▢FF00FF00 Oyuncu %5s▢FF00FF00 - %6s ▢FF00FF00 Skor %7s▢FF00FF00 - %8s	▢FF00FF00Người chơi %1s▢FF00FF00 - %2s ▢FF00FF00Giết %3s▢FF00FF00 - %4s▢FF00FF00 Người chơi %5s▢FF00FF00 - %6s ▢FF00FF00Điểm %7s▢FF00FF00 - %8s	▢FF00FF00Flags %1s▢FF00FF00 - %2s ▢FF00FF00 Kills %3s▢FF00FF00 - %4s▢FF00FF00 Players %5s▢FF00FF00 - %6s ▢FF00FF00 Scores %7s▢FF00FF00 - %8s
39	ClanWarMoveFlagArea		▢FF00FF00您不能进入自己的旗帜位置。▥	▢FF00FF00You are not allowed to enter the own placement of flag.▥	▢FF00FF00O que você esta fazendo▢ Você Não Pode Roubar a Própria Bandeira!.▥	▢FF00FF00Вы не можете войти в здание флага своей команды.▥	▢FF00FF00자신의 깃발 위치에 들어가지 못합니다.▥	▢FF00FF00Sie können eigene Fahnesposition nicht eingehen.▥	▢FF00FF00Vous ne pouvez pas accéder à l'emplacement de votre propre bannière. ▥	▢FF00FF00No puedes entrar su propia posición de bandera.	▢FF00FF00Non è possibile entrare nella propria posizione bandiera.	▢FF00FF00Anda tidak bisa masuk ke posisi banner anda sendri.	▢FF00FF00You are not allowed to enter the own placement of flag.▥	▢FF00FF00Kendi bayrak konumunuza giriş yapamazsınız.	▢FF00FF00Bạn không thể vào vị trí cờ của mình.	▢FF00FF00You are not allowed to enter the own placement of flag.▥
40	ClanWarMoveOtherBornArea		▢FF00FF00你不能进入对方的出生位置。▥	▢FF00FF00You are not allowed to enter the other's placement of born.▥	▢FF00FF00Ei, Você Não Pode Invadir o local de nascimento do outro time!.▥	▢FF00FF00Вы не можете войти на базу противника.▥	▢FF00FF00상대방의 출생 위치에 들어갈 수 없습니다.▥	▢FF00FF00Sie können nicht den Geburtsort des anderen betreten.▥	▢FF00FF00Vous ne pouvez pas accéder au lieu de naissance de votre adversaire.▥	▢FF00FF00No puedes entrar en el lugar de nacimiento del otro.	▢FF00FF00Non è possibile entrare nella casa natale della controparte.	▢FF00FF00Anda tidak bisa masuk ke tempat lahir pihak lawan.	▢FF00FF00You are not allowed to enter the other's placement of born.▥	▢FF00FF00Birbirinizin doğum yerine giriş yapamazsınız.	▢FF00FF00Bạn không thể vào nơi sinh của đối phương.	▢FF00FF00You are not allowed to enter the other's placement of born.▥
41	ClanWarMoveGameNotStart		▢FF00FF00游戏还没有开始，请在出生点的范围内行动 。▥	▢FF00FF00The game hasn't started yet, please act just in the scope of birth point.▥	▢FF00FF00O Jogo ainda Não começou, Por favor espere começar para poder sair.▥	▢FF00FF00Игра ещё не началась! Вы можете передвигаться только по своей базе.▥	▢FF00FF00게임 아직 시작하지 않았습니다. 출생 지점의 범위안에 활동해주세요.▥	▢FF00FF00Das Spiel hat noch nicht begonnen, bitte handeln Sie innerhalb des Geburtsortes.▥	▢FF00FF00Le jeu n'a pas encore débuté, veuillez vous mouvoir dans l'espace réservé à votre point de naissance.▥	▢FF00FF00El juego aún no ha comenzado, por favor actúa dentro del rango de punto de nacimiento.	▢FF00FF00Il gioco non è ancora iniziato, per favore agisci entro il raggio del punto di nascita.	▢FF00FF00Permainan belum dimulai, silahkan beraktifitas dalam kisaran titik lahir.	▢FF00FF00The game hasn't started yet, please act just in the scope of birth point.▥	▢FF00FF00Oyun henüz başlamadı, lütfen doğum nokta aralığı içinde hareket edin.	▢FF00FF00Trò chơi vẫn chưa bắt đầu, vui lòng hoạt động trong phạm vi điểm sinh. 	▢FF00FF00The game hasn't started yet, please act just in the scope of birth point.▥
42	ClanWarGetFlagHint		▢FF00FF00旗帜放置于此▥	▢FF00FF00Put your flags here.▥	▢FF00FF00Você botou a bandeira aqui.▥	▢FF00FF00Поставьте флаг здесь.▥	▢FF00FF00여기에 깃발을 놓아두세요.▥	▢FF00FF00Fahne hier▥	▢FF00FF00La bannière se trouve ici▥	Bandera aquí	▢FF00FF00Posiziona bandiera qui	▢FF00FF00Tempatkan bendera disini	▢FF00FF00Put your flags here.▥	▢FF00FF00Bayrağı buraya koyun	▢FF00FF00Cờ cắm ở đây	▢FF00FF00Put your flags here.▥
43	HungerGameName	饥饿游戏	饥饿游戏	Survival Games	Hungry Game	Hungry Game	Survival Game	Survival Games	Survival Game	Survival Games	Survival Games	Survival Games	Survival Games	Survival Games	Survival Games	Hungry Game
44	MurderMysteryGameName	神秘杀手	神秘杀手	Murder Mystery	Murder Mystery	Murder Mystery	Murder Mystery	Murder Mystery	Murder Mystery	Murder Mystery	Murder Mystery	Murder Mystery	Murder Mystery	Murder Mystery	Murder Mystery	Murder Mystery
45	MurderMysteryBecomeRole		你成为了%1s	You become ▢FF00FF00%1s	Você é ▢FF00FF00%1s	Вы ▢FF00FF00%1s	당신은 %1s가 되었습니다.	Sie werden %1s	Vous êtes devenu ▢FFFF0000%1s	Te conviertes en %1s	Diventi %1s	Anda menjadi %1s	You become ▢FF00FF00%1s	%1s oldun	Bạn là %1s	You become ▢FF00FF00%1s
46	MurderMysteryCivilian		平民	civilian	Civil	Гражданин	평민	Dorfbewohner	Civil	Civiles	Civile	Warga sipil	civilian	Sivil	Dân thường	civilian
47	MurderMysteryMurderer		杀手	murderer	Assassino	Убийца	킬러	Mörder	Tueur 	Asesino	Killer	Pembunuh	murderer	Katil	Sát thủ	murderer
48	MurderMysterySheriff		警察	sheriff	Xerife	Шериф	경찰	Polizei	Policier	Policía	Polizia	Polisi	sheriff	Polis	Cảnh sát	sheriff
49	MurderMysteryAssignRoleTimeHint		▢FF00FF00距离角色分配还剩▢FFFF0000%1s秒▢FF00FF00。▥	▢FF00FF00The role will be assined in ▢FFFF0000%1s seconds▢FF00FF00.▥	▢FF00FF00Sua conduta será atribuída em ▢FFFF0000%1s Segundos▢FF00FF00.▥	▢FF00FF00Роль будет выдана через ▢FFFF0000%1s секунд▢FF00FF00.▥	▢FF00FF00배역 분배 완료까지 ▢FFFF0000%1s초만 남았습니다▢FF00FF00.▥	▢FF00FF00Noch ▢FFFF0000%1s▢FF00FF00 Sekunde beginnen Rollen Spielen ▥	▢FF0000FF%1s▢FF00FF00 secondes restantes avant l'affectation des rôles.	▢FF00FF00Queda ▢FFFF0000%1s▢FF00FF00 segundos de la asignación de caracteres.	▢FF00FF00%1s ▢FFFF0000rimanente dall'assegnazione dei caratteri.	▢FF00FF00Perubahan karakter masih ada ▢FFFF0000%1s▢FF00FF00 detik	▢FF00FF00The role will be assined in ▢FFFF0000%1s seconds▢FF00FF00.▥	▢FF00FF00%1s saniye karakter atamasından kalan.	▢FF00FF00Còn ▢FFFF0000%1s▢FF00FF00 giây để vào phân chia nhân vật.	▢FF00FF00The role will be assined in ▢FFFF0000%1s seconds▢FF00FF00.▥
50	MurderMysterySheriffKilled		▢FF00FF00警察被杀死了。▥	▢FF00FF00The sheriff has been killed.▥	▢FF00FF00O Xerife foi morto!.▥	▢FF00FF00Шериф убит.▥	▢FF00FF00경찰이 살해당했습니다.▥	▢FF00FF00Die Polizei wurde getötet.▥	▢FF00FF00Le policier a été tué.	▢FF00FF00La policía fue asesinada.	▢FF00FF00La polizia è stata uccisa.	▢FF00FF00Polisi mati terbunuh.	▢FF00FF00The sheriff has been killed.▥	▢FF00FF00Polis öldürüldü.	▢FF00FF00Cảnh sát đã bị giết.	▢FF00FF00The sheriff has been killed.▥
51	MurderMysteryMurdererKilled		▢FF00FF00一个杀手被杀死了。▥	▢FF00FF00The murderer has been killed.▥	▢FF00FF00O Assassino Foi Morto!.▥	▢FF00FF00Убийца убит.▥	▢FF00FF00한 킬러가 죽였습니다.▥	▢FF00FF00Ein Mörder wurde getötet.▥	▢FF00FF00Un tueur a été tué.	▢FF00FF00Un asesino fue asesinado.	▢FF00FF00Un killer è stato ucciso.	▢FF00FF00Seorang pembunuh mati terbunuh.	▢FF00FF00The murderer has been killed.▥	▢FF00FF00Bir katil öldürüldü.	▢FF00FF00Một tên sát thủ đã bị giết.	▢FF00FF00The murderer has been killed.▥
52	MurderMysteryCivilianKilled		▢FF00FF00一个平民被杀了，还剩下▢FFFF0000%1s▢FF00FF00个平民▥	▢FF00FF00A civilian has been killed,  ▢FFFF0000%1s ▢FF00FF00left.▥	▢FF00FF00Um Civil foi morto, ▢FFFF0000%1s ▢FF00FF00Restam.▥	▢FF00FF00Гражданин убит  ▢FFFF0000%1s ▢FF00FF00осталось.▥	▢FF00FF00한 평민은 살해되었습니다. 평민 ▢FFFF0000%1s▢FF00FF00명만 살아남아 있습니다.▥	▢FF00FF00Ein Dorfbewohner wurde getötet und noch ▢FFFF0000%1s▢FF00FF00 Dorfbewohner ▥	▢FF00FF00Un civil a été tué, il reste ▢FFFF0000%1s▢FF00FF00 civils.	▢FF00FF00Un civil fue asesinado, dejando ▢FFFF0000%1s秒▢FF00FF00 más de civiles	▢FF00FF00Un civile è stato ucciso, lasciando l' %1s in più di civili	▢FF00FF00Seorang warga sipil terbunuh, masih tersisa ▢FFFF0000%1s▢FF00FF00 warga sipil	▢FF00FF00A civilian has been killed,  ▢FFFF0000%1s ▢FF00FF00left.▥	▢FF00FF00Sivil öldürüldü, ▢FFFF0000%1s▢FF00FF00 daha fazla sivil ayrılıyor.	▢FF00FF00Một dân thường đã bị giết, vẫn còn ▢FFFF0000%1s▢FF00FF00 người	▢FF00FF00A civilian has been killed,  ▢FFFF0000%1s ▢FF00FF00left.▥
53	MurderMysteryZeroOfCivilian		▢FF00FF00所有平民都被杀死了。▥	▢FF00FF00All civilians have been killed.▥	▢FF00FF00All Todos os Civis foram assassinados.▥	▢FF00FF00Граждане убиты.▥	▢FF00FF00모든 평민은 죽였습니다.▥	▢FF00FF00Alle Dorfbewohnern wurden getötet▥	▢FF00FF00Tous les civils ont été tués.	▢FF00FF00Todos los civiles han sido asesinados.	▢FF00FF00Tutti i civili sono stati uccisi.	▢FF00FF00Semua warga sipil terbunuh.	▢FF00FF00All civilians have been killed.▥	▢FF00FF00Tüm siviller öldürüldü.	▢FF00FF00Tất cả dân thường đã bị giết.	▢FF00FF00All civilians have been killed.▥
54	MurderMysteryGameData		▢FF00FF00平民： %1s ▢FFFFFFFF– ▢FF0000FF杀手： %2s ▢FFFFFFFF– ▢FFFF0000生命值： %3s	▢FF00FF00Civilian： %1s ▢FFFFFFFF– ▢FF0000FFMurderer： %2s ▢FFFFFFFF– ▢FFFF0000HP： %3s	▢FF00FF00Civis： %1s ▢FFFFFFFF– ▢FF0000FFAssassinos： %2s ▢FFFFFFFF– ▢FFFF0000HP： %3s	▢FF00FF00Граждан： %1s ▢FFFFFFFF– ▢FF0000FFУбийц： %2s ▢FFFFFFFF– ▢FFFF0000ЗД： %3s	▢FF00FF00평민： %1s ▢FFFFFFFF– ▢FF0000FF킬러： %2s ▢FFFFFFFF– ▢FFFF0000 생명치： %3s	▢FF00FF00Dorfbewohner:%1s ▢FFFFFFFF– ▢FF0000FFKiller: %2s ▢FFFFFFFF– ▢FFFF0000 Trefferpunkt:%3s	▢FF00FF00Civils: %1s▢FFFFFFFF– ▢FF0000FFTueurs:%2s▢FFFFFFFF– ▢FF0000FFVies: %3s	▢FF00FF00Civiles:%1s ▢FFFFFFFF– ▢FF0000FF Asesinos:%2s ▢FFFFFFFF– ▢FF0000FF Salud:%3s	▢FF00FF00Civili：%1s ▢FFFFFFFF– ▢FF0000FFKiller：%2s ▢FFFFFFFF– ▢FFFF0000Salute：%3s	▢FF00FF00Warga sipil：%1s ▢FFFFFFFF– ▢FF0000FFPembunuh：%2s ▢FFFFFFFF– ▢FFFF0000Nilai nyawa：%3s	▢FF00FF00Civilian： %1s ▢FFFFFFFF– ▢FF0000FFMurderer： %2s ▢FFFFFFFF– ▢FFFF0000HP： %3s	▢FF00FF00Siviller:%1s ▢FFFFFFFF– ▢FF0000FF Katil:%2s ▢FFFFFFFF– ▢FFFF0000 Sağlık:%3s	▢FF00FF00Dân thường: %1s – Sát thủ: %2s – Giá trị máu: %3s	▢FF00FF00Civilian： %1s ▢FFFFFFFF– ▢FF0000FFMurderer： %2s ▢FFFFFFFF– ▢FFFF0000HP： %3s
55	SnowballBattleGameName	雪球大作战	雪球大作战	Snowball Battle	Snowball Battle	Snowball Battle	Snowball Battle	Snowball Battle	Snowball Battle	Snowball Battle	Snowball Battle	Snowball Battle	Snowball Battle	Kartopu Savaşı	Snowball Battle	Snowball Battle
56	SnowballBattleGameData		%1s▢FFFFD700分数： %2s	%1s▢FFFFD700Score： %2s	%1s▢FFFFD700Pontos： %2s	%1s▢FFFFD700Счёт： %2s	%1s▢FFFFD700점수： %2s	%1s▢FFFFD700 Punkt:%2s	▢FFFF0000%1s▢FF00FF00 Score: %2s	Puntuación del ▢FFFFD700%1s: %2s	Punteggi ▢FFFFD700%1s:%2s	%1s▢FFFFD700 nilai: %2s	%1s▢FFFFD700Score： %2s	%1s▢FFFFD700 Puan:%2s	Điểm ▢FFFFD700%1s: %2s	%1s▢FFFFD700Score： %2s
57	SkyWarGameName	空岛战争	空岛战争	Sky war	Sky war	Sky war	Sky Wars	Sky Wars	Sky Wars	Sky Wars	Sky Wars	Sky Wars	Sky war	Sky Wars	Sky Wars	Sky war
58	TeamHungerGameName	饥饿游戏组队模式	饥饿游戏组队模式	Team	Hungry Game of Team	Hungry Game of Team	Team	Team	Team	Team	Team	Team	Team	Team	Team	Hungry Game of Team
59	TNTRunGameName	TNT跑酷	TNT跑酷	TNT Run	TNT Run	TNT Run	TNT Run	TNT Run	TNT Run	TNT Run	TNT Run	TNT Run	TNT Run	TNT Run	TNT Run	TNT Run
60	TNTRunMsgPvpEnableAfter		▢FF00FF00地图还有%1s%2s▢FF00FF00开始崩塌	▢FF00FF00The map will collapse in %1s%2s▢FF00FF00.	▢FF00FF00O Mapa entrará em colapso em %1s %2s▢FF00FF00.	▢FF00FF00Карта начнёт разрушаться через %1s %2s▢FF00FF00.	▢FF00FF00지도는 %1s%2▢FF00FF00초 뒤에 붕괴합니다.	▢FF00FF00Die Karte wird nach %1s%2s▢FF00FF00 zerfallen. 	▢FF00FF00La carte  va commencer à s'effondrer dans ▢FF00FF00%1s%2s	▢FF00FF00El mapa tiene %1s%2s▢FF00FF00 comenzara a colapsar	▢FF00FF00La mappa ha iniziato a collassare ▢FFFFD700%1s%2s.	▢FF00FF00Peta dalam %1s%2s▢FF00FF00 mulai runtuh	▢FF00FF00The map will collapse in %1s %2s▢FF00FF00.	▢FF00FF00Harita %1s%2s▢FF00FF00 'de çökmeye başladı	▢FF00FF00Bản đồ còn %1s%2s▢FF00FF00 sẽ bị sụp đổ	▢FF00FF00The map will collapse in %1s %2s▢FF00FF00.
61	TNTRunMsgWinnerInfo		▢FFFFD700恭喜▢FFFFFFFF%1s▢FFFFD700！获得胜利！打破跑酷记录，成为最强跑者！	▢FFFFD700Congratulations! %1s is the winner, the king of runner who broke the record.	▢FFFFD700Parabéns! %1s Você é O Ganhador, O Rei Você Quebrou O Record !!.	▢FFFFD700Поздравляем! Игрок %1s победил в игре, побил рекорд и стал королём TNT Run 	▢FFFFFFFF%1s▢FFFFD700를 축하드립니다.성공했습니다. 프리러닝 기록을 깨고 최강 주자가 되었습니다.	▢FFFFD700Congratulations▢FFFFFFFF%1s!Gewinnen! Sie haben Parkour Rekord brechen und werden der stärkste Läufer!	▢FFFFD700Félicitations ▢FFFFFFFF%1s▢FFFFD700! Vous avez gagné! Vous avez battu le record de course, vous êtes devenu le coureur le plus fort!	▢FFFFD700Felicitaciones a ▢FFFFFFFF%1s▢FFFFD700! ¡Ha ganado! ¡Rompe el récord de Parkour y conviértete en el corredor más fuerte!	▢FFFFD700Congratulazioni ▢FFFFFFFF%1s▢FFFFD700! Ha Vinto! Rotto il record di Parkour e diventa il corridore più forte!	▢FFFFD700Selamat ▢FFFFFFFF%1s▢FFFFD700! Mendapatkan kemenangan! Break rekam dari Parkour, menjadi pelari terkuat!	▢FFFFD700Congratulations! %1s is the winner, the king of runner who broke the record.	▢FFFFD700Tebrikler ▢FFFFFFFF%1s▢FFFFD700! Kazanın! Parkur 'un kaydını kesin ve en güçlü koşucu olun!	▢FFFFD700Chúc mừng ▢FFFFFFFF%1s▢FFFFD700! Bạn đã chiến thắng! Đánh bại kỷ lục Parkour, trở thành người chạy nhanh nhất!	▢FFFFD700Congratulations! %1s is the winner, the king of runner who broke the record.
62	TNTRunGamePrepareHint		▢FF00FF00游戏开始，地图还有▢FFFF0000%1s秒▢FF00FF00开始坍塌，快跑起来防止掉落。	▢FF00FF00Game has Started，The map will collapse in ▢FFFF0000%1s seconds▢FF00FF00, go and run!	▢FF00FF00O Jogo Começou, O Mapa Entrará em Colapso em ▢FFFF0000%1s Segundos▢FF00FF00, Vai Corra!	▢FF00FF00Игра начинается! Карта начнёт разрушаться через ▢FFFF0000%1s секунд▢FF00FF00, иди или беги!	▢FF00FF00게임 시작합니다. 지도는 ▢FFFF0000%1s▢FF00FF00초 뒤에 붕괴합니다. 떨어지 않게 빨리 뜁시다.	▢FF00FF00Start. Die Karte wird nach ▢FFFF0000%1s▢FF00FF00 zerfallen. Lauf schnell.	▢FF00FF00Le jeu commence, ▢FFFF0000%1s▢FF00FF00 secondes restantes avant que la carte ne commence à s'éffondrer, courez vite pour éviter de tomber.	▢FFFFD700El juego comienza, ▢FFFF0000%1s秒▢FF00FF00 segundos del mapa comienzan a colapsar, corren para evitar caídas.	▢FF00FF00Il gioco inizia,▢FFFF0000%1s▢FF00FF00 secondi della mappa iniziano a collassare, corri per evitare di cadere.	▢FF00FF00Game dimulai, dalam ▢FFFF0000%1s▢FF00FF00 peta mulai runtuh, melarikan diri cepat supaya tidak jatuh.	▢FF00FF00Game has Started，The map will collapse in ▢FFFF0000%1s seconds▢FF00FF00, go and run!	▢FF00FF00Oyun başlıyor,▢FFFF0000%1s▢FF00FF00 saniye haritanın çökmesi başlar, düşmeyi önlemek için koşmaya başlayın.	▢FF00FF00Trò chơi đã bắt đầu, bản đồ còn ▢FFFF0000%1s▢FF00FF00 giây nữa là bắt đầu sụp đổ, hãy chạy nhanh để không bị rớt xuống.	▢FF00FF00Game has Started，The map will collapse in ▢FFFF0000%1s seconds▢FF00FF00, go and run!
63	TNTRunGameStartHint		▢FF00FF00地图已经开始崩塌。	▢FF00FF00The map has collapsed!	▢FF00FF00The O Mapa Entrou Em Colapso!	▢FF00FF00Карта разрушается!	▢FF00FF00지도는 붕괴하기 시작했습니다.	▢FF00FF00Die Karte beginnt zu zerfallen.	▢FF0000FFLa carte commence à s'effondrer.	▢FFFFD700El mapa ha comenzado a colapsar.	▢FF00FF00La mappa ha iniziato a crollare.	▢FF00FF00Peta mulai runtuh.	▢FF00FF00The map has collapsed!	▢FF00FF00Harita çökmeye başladı.	▢FF00FF00Bản đồ đã bắt đầu sụp đổ.	▢FF00FF00The map has collapsed!
64	TNTRunBecomeRole		你成为了▢FF00FF00%1s	You become ▢FF00FF00%1s	Torna-se ▢FF00FF00%1s	Вы стали ▢FF00FF00%1s	▢FF00FF00%1s가 되었습니다.	Sie werden ▢FF00FF00%1s	Vous êtes devenu ▢FF00FF00%1s	Te conviertes en ▢FF00FF00%1s	Diventi ▢FF00FF00%1s	Anda menjadi ▢FF00FF00%1s	You become ▢FF00FF00%1s	▢FF00FF00%1s oldun	Bạn trở thành ▢FF00FF00%1s	You become ▢FF00FF00%1s
65	TNTRunRunner		跑酷者	Runner	Corredor	Бегуном	파쿠르 실행자	Läufer	Coureur	Corredor	persona Parkour	Pelari	Runner	Koşucu	Parkour	Runner
66	TNTRunDestroyer		破坏者	Broker	Corretor	Брокером	파괴자	Zerstörer	Destructeur	Destructor	sabotatore	Perusak	Broker	Yok edici	Kẻ phá hoại	Broker
67	TNTRunGetDataHint		▢FF00FF004F： %1s▢FFFFFFFF -▢FFFFFF00  3F： %2s▢FFFFFFFF - ▢FF00FFFF2F： %3s▢FFFFFFFF - ▢FFFF00001F： %4s▢FFFFFFFF -▢FFFFD700 我： %5s ▢FFFFFFFF- ▢FFFF0000时间： %6s 秒	▢FF00FF004F： %1s▢FFFFFFFF -▢FFFFFF00  3F： %2s▢FFFFFFFF - ▢FF00FFFF2F： %3s▢FFFFFFFF - ▢FFFF00001F： %4s▢FFFFFFFF -▢FFFFD700 Me： %5s ▢FFFFFFFF- ▢FFFF0000Time： %6s s	▢FF00FF004F： %1s▢FFFFFFFF -▢FFFFFF00 3F： %2s▢FFFFFFFF - ▢FF00FFFF2F： %3s▢FFFFFFFF - ▢FFFF00001F： %4s▢FFFFFFFF -▢FFFFD700 Eu： %5s ▢FFFFFFFF- ▢FFFF0000Tempo： %6s s	▢FF00FF004УР： %1s▢FFFFFFFF -▢FFFFFF00  3УР： %2s▢FFFFFFFF - ▢FF00FFFF2УР： %3s▢FFFFFFFF - ▢FFFF00001УР： %4s▢FFFFFFFF -▢FFFFD700 Я： %5s ▢FFFFFFFF- ▢FFFF0000Время： %6s с	▢FF00FF004F： %1s▢FFFFFFFF -▢FFFFFF00  3F： %2s▢FFFFFFFF - ▢FF00FFFF2F： %3s▢FFFFFFFF - ▢FFFF00001F： %4s▢FFFFFFFF -▢FFFFD700 Me： %5s ▢FFFFFFFF- ▢FFFF0000Time： %6s s	▢FF00FF004F： %1s▢FFFFFFFF -▢FFFFFF00  3F： %2s▢FFFFFFFF - ▢FF00FFFF2F： %3s▢FFFFFFFF - ▢FFFF00001F： %4s▢FFFFFFFF -▢FFFFD700 Ich: %5s ▢FFFFFFFF- ▢FFFF0000Zeit: %6s 秒	▢FF00FF004F： %1s▢FFFFFFFF -▢FFFFFF00  3F： %2s▢FFFFFFFF - ▢FF00FFFF2F： %3s▢FFFFFFFF - ▢FFFF00001F： %4s▢FFFFFFFF -▢FFFFD700 Moi: %5s ▢FFFFFFFF- ▢FFFF0000Temps: %6s s	▢FF00FF004F:%1s ▢FFFFFFFF -▢FFFFFF00 3F:%2s ▢FFFFFFFF - ▢FF00FFFF 2F:%3s ▢FFFFFFFF - ▢FFFF0000 1F:%4s ▢FFFFFFFF -▢FFFFD700 Yo:%5s ▢FFFFFFFF- ▢FFFF0000 Tiempo:%6s s	▢FF00FF004F： %1s▢FFFFFFFF -▢FFFFFF00  3F： %2s▢FFFFFFFF - ▢FF00FFFF2F： %3s▢FFFFFFFF - ▢FFFF00001F： %4s▢FFFFFFFF -▢FFFFD700  I： %5s ▢FFFFFFFF- ▢FFFF0000Tempo：%6s  s	▢FF00FF004F： %1s▢FFFFFFFF -▢FFFFFF00  3F： %2s▢FFFFFFFF - ▢FF00FFFF2F： %3s▢FFFFFFFF - ▢FFFF00001F： %4s▢FFFFFFFF -▢FFFFD700  saya： %5s ▢FFFFFFFF- ▢FFFF0000wWaktu：%6s  s	▢FF00FF004F： %1s▢FFFFFFFF -▢FFFFFF00  3F： %2s▢FFFFFFFF - ▢FF00FFFF2F： %3s▢FFFFFFFF - ▢FFFF00001F： %4s▢FFFFFFFF -▢FFFFD700 Me： %5s ▢FFFFFFFF- ▢FFFF0000Time： %6s s	▢FF00FF004F： %1s▢FFFFFFFF -▢FFFFFF00  3F： %2s▢FFFFFFFF - ▢FF00FFFF2F： %3s▢FFFFFFFF - ▢FFFF00001F： %4s▢FFFFFFFF -▢FFFFD700ben： %5s ▢FFFFFFFF- ▢FFFF0000zaman：%6s  s	▢FF00FF004F： %1s▢FFFFFFFF -▢FFFFFF00  3F： %2s▢FFFFFFFF - ▢FF00FFFF2F： %3s▢FFFFFFFF - ▢FFFF00001F： %4s▢FFFFFFFF -▢FFFFD700Tôi： %5s ▢FFFFFFFF- ▢FFFF0000Thời gian：%6s  s	▢FF00FF004F： %1s▢FFFFFFFF -▢FFFFFF00  3F： %2s▢FFFFFFFF - ▢FF00FFFF2F： %3s▢FFFFFFFF - ▢FFFF00001F： %4s▢FFFFFFFF -▢FFFFD700 Me： %5s ▢FFFFFFFF- ▢FFFF0000Time： %6s s
68	BedWarStore	起床战争	商店	store	Loja	Счёт	상점	Laden	Boutique	Tienda	negozio	toko	store	Dükkan	Cửa hàng	store
69	BedWarPublicMoney		公有货币产生点	factory of public money	Fábrica de dinheiro público	factory of public money	공유 화폐 산출지	Das Geburtsort der Öffentlicher Währung	Point de génération de monnaie publique	Punto de generación de moneda pública	Punto di generazione di moneta pubblica	Titik menghasilkan mata uang publik	factory of public money	Ortak para birimini üretim noktası	Điểm phát hành tiền tệ công hữu	factory of public money
70	BedWarUpgrade		%1s▢FF00FFFF升级了▢FFFFFF00%2s。▥	%1s▢FF00FFFF upgrades the ▢FFFFFF00%2s▥	%1s▢FF00FFFF Atualizar o ▢FFFFFF00%2s▢	▢FF00FFFF Игрок▢ %1s▢FF00FFFF улучшил предмет ▢FFFFFF00%2s▥	%1s▢FF00FFFF는 ▢FFFFFF00%2s를 업그레이드했습니다.▥	%1s▢FF00FFFF hat▢FFFFFF00%2s aktualisiert.▥	▢FF0000FF Mise à jour de ▢FFFF0000%1s▢FF0000FF pour devenir ▢FFFFFF00%2s.	%1s▢FF00FFFF ha actualizado ▢FFFFFF00%2s.	%1s▢FF00FFFF aggiornato▢FFFFFF00%2s.	%1s▢FF00FFFF meningkatkan ▢FFFFFF00%2s.	%1s▢FF00FFFF upgrades the ▢FFFFFF00%2s▥	%1s▢FF00FFFF GÜNCELLEME ▢FFFFFF00%2s。▥	%1s▢FF00FFFF đã nâng cấp lên ▢FFFFFF00%2s.	%1s▢FF00FFFF upgrades the ▢FFFFFF00%2s▥
71	BedWarIronMoney		铁块货物	iron money	Dinheiro em Ferro	Железные деньги	쇠 조각 화물	Eisenwaren	Objets en fer	Productos de hierro	Beni di ferro	Barang kotak besi	iron money	Demir mallar	Hàng hóa sắt	iron money
72	BedWarGlodMoney		金块货物	glod money	Dinheiro em ouro	Золотые деньги	금덩이 화물	Bullion Waren	Objets en or	Productos de oro	Merci di lingotti	Barang kotak emas	glod money	Altın mallar	Hàng hóa vàng	glod money
73	MsgGameScore	通用	▢FFFFD700分数 : %1s▥	▢FFFFD700Score : %1s▥	▢FFFFD700Pontos : %1s▢	▢FFFFD700Счёт : %1s▥	▢FFFFD700점수 : %1s▥	▢FFFFD700Punkt:%1s▥	▢FF0000FFScore:▢FFFF0000%1s	▢FFFFD700Puntuación:%1s	▢FFFFD700Punteggio:%1s	▢FFFFD700Nilai :%1s	▢FFFFD700Score : %1s▥	▢FFFFD700Puan:%1s	▢FFFFD700Điểm số: %1s	▢FFFFD700Score : %1s▥
74	MsgWaitPlayer		▢FF00FFFF等待玩家中...	▢FF00FFFFWaiting for More Players…	▢FF00FFFFEsperando por mais jogadores…	▢FF00FFFFОжидание игроков…	▢FF00FFFF게이머 대기중...	▢FF00FFFFWarten auf den Spieler ...	▢FF0000FFEn attente des joueurs…	▢FF00FFFFEsperando al jugador ...	▢FF00FFFFAspettando il giocatore ...	▢FF00FFFFMenunggu pemain ...	▢FF00FFFFWaiting for More Players…	▢FF00FFFFOyuncu bekleniyor ...	▢FF00FFFFĐang chờ người chơi...	▢FF00FFFFWaiting for More Players…
75	MsgCanStartCount		▢FF00FF00达到人数要求，准备开始游戏	▢FF00FF00Players Ready, Game Starting	▢FF00FF00Jogadores Prontos,Iniciando O Jogo	▢FF00FF00Игроки набраны. Игра начинается! 	▢FF00FF00인원 요구 수량 만족, 게임 시작 준비	▢FF00FF00Erreichen Sie die Anzahl der Anforderungen.Das Spiel starten	▢FF0000FFLe nombre de joueurs requis a été atteint, prêt à démarrer le jeu	▢FF00FF00Cumplir con el requisito de número de personas, listo para comenzar el juego	▢FF00FF00Soddisfa il numero di requisiti, pronto per iniziare il gioco	▢FF00FF00Memenuhi persyaratan jumlah game , siap untuk memulai game	▢FF00FF00Players Ready, Game Starting	▢FF00FF00Oyunun gereklilik sayısını yakalayın, oyuna başlamaya hazır mısınız?	▢FF00FF00Đã đạt giới hạn số lượng người chơi, bắt đầu chơi	▢FF00FF00Players Ready, Game Starting
76	SnowBattleGame	雪战百人斩	雪战百人斩	Snowball 100 Kills	SnowBattle	SnowBattle	Snow Battle 100 kills	Snowball 100 kills	Snowball 100 Kills	Snowball 100 Kills	Snowball 100 Kills	Perang salju ratusan orang	Snowball 100 Kills	Snowball 100 Kills	Snowball 100 Kills	SnowBattle
77	ZombieInfectingGame	生化危机	生化危机	Zombie Infecting	ZombieInfecting	ZombieInfecting	Zombie Infecting	Zombie Infecting	Zombies infection	Zombie Infecting	Zombie Infecting	Resident Evil	Zombie Infecting	Zombie Infecting	Zombie Infecting	ZombieInfecting
78	ZombieInfectingSoldierSelected		▢FF00FF00活下来，并消灭僵尸！	▢FF00FF00To survive and kill the zombies!	▢FF00FF00Para Sobreviver Mate Os Zombies!	▢FF00FF00Выживи и убей всех зомби! 	▢FF00FF00살아남고 좀비를 소멸시킵시다.	▢FF00FF00Leben und eliminieren  Zombies!	▢FF0000FFSurvivre et détruire les zombies!	▢FF00FF00Vive y destruye zombies!	▢FF00FF00Vivi e distruggi gli zombi!	▢FF00FF00Hidup dan hancurkan zombie!	▢FF00FF00To survive and kill the zombies!	▢FF00FF00Hayatta kal ve zombileri yok et!	▢FF00FF00Sống lại và tiêu diệt cương thi!	▢FF00FF00To survive and kill the zombies!
79	ZombieInfectingZombieSelected		▢FF00FF00寻找和感染所有的人类！	▢FF00FF00Find and infect all humans!	▢FF00FF00Encontre e infecte todos os seres humanos!	▢FF00FF00Найди и зарази всех людей! 	▢FF00FF00모든 인간을 찾아 감염시키도록 합시다.	▢FF00FF00Suchen und infizieren die ganze Menschheit!	▢FF0000FFChercher et infecter toute l'humanité!	▢FF00FF00¡Encuentra e infecta a toda la humanidad!	▢FF00FF00Trova e infetta tutti gli esseri umani!	▢FF00FF00Mecari dan menginfeksi semua manusia!	▢FF00FF00Find and infect all humans!	▢FF00FF00Tüm insanlığı bul ve bulaştır!	▢FF00FF00Tìm và lây nhiễm cho nhân loại!	▢FF00FF00Find and infect all humans!
80	ZombieInfectingSoldier		士兵	Soldier	Soldado	Солдат	병사	Soldat	Soldat	Soldado	Soldato	Tentara	Soldier	Asker	Binh sĩ	Soldier
81	ZombieInfectingZombie		僵尸	Zombie	Zombie	Зомби	좀비	Zombie	Zombie	Zombie	Zombie	Zombie	Zombie	Zombi	Cương thi	Zombie
82	MsgGameInProgress		▢FF00FF00游戏进行中，请稍候	Game in progress, please wait.	Jogo em Progresso, Por Favor Espere...	Идёт игра... Ждите... 	▢FF00FF00게임 진행중, 잠시 기다려 주십시오.	▢FF00FF00Das Spiel ist in Bearbeitung, bitte warten	▢FF0000FFBienvenue dans le jeu, veuillez patienter	▢FF00FF00El juego está en progreso, por favor espera	▢FF00FF00Il gioco è in corso, per favore aspetta	▢FF00FF00Game sedang berlangsung, mohon tunggu	Game in progress, please wait.	▢FF00FF00Oyun devam ediyor, lütfen bekleyin	▢FF00FF00Đang vào trò chơi, vui lòng chờ	Game in progress, please wait.
83	MsgGameNeedPlayers		▢FF00FFFF当前▢FFFF0000%1s▢FF00FFFF个玩家，至少需要▢FFFF0000%2s▢FF00FFFF个玩家。▥	▢FF00FFFFCuttent players: ▢FFFF0000%1s▢FF00FFFF, need: ▢FFFF0000%2s▢FF00FFFF.▥	▢FF00FFFFJogadores atuais: ▢FFFF0000%1s▢FF00FFFF，Precisa: ▢FFFF0000%2s。▥	▢FF00FFFFВсего игроков: ▢FFFF0000%1s▢FF00FFFF，необходимо: ▢FFFF0000%2s。▥	▢FF00FFFF현 게이머 ▢FFFF0000%1s▢FF00FFFF명, 최소로 ▢FFFF0000%2s▢FF00FFFF 명 필요합니다.▥	▢FF00FFFFDerzeit gibt es ▢FFFF0000%1s▢FF00FFFF Spieler, mindestens ▢FFFF0000%1s▢FF00FFFF Spieler.▥	▢FF0000FFActuellement il y a ▢FFFF0000%1s▢FF0000FF joueur, au moins ▢FFFF0000%2s▢FF0000FF joueurs sont requis pour démarrer le jeu.	Actualmente, hay ▢FFFF0000%1s▢FF00FFFF jugadores y requieren al menos ▢FFFF0000%2s▢FF00FFFF jugadores.	▢FF00FFFFAttualmente I giocatori di ▢FFFF0000%1s▢FF00FFFF richiedono almeno ▢FFFF0000%2s▢FF00FFFF giocatori.	▢FF00FFFFSaat ini pemain ▢FFFF0000%1s▢FF00FFFF ,membutuhkan pemain minimal ▢FFFF0000%2s▢FF00FFFF.	▢FF00FFFFCuttent players: ▢FFFF0000%1s▢FF00FFFF, need: ▢FFFF0000%2s▢FF00FFFF.▥	▢FF00FFFFŞu anda ▢FFFF0000%1s▢FF00FFFF oyuncu en az ▢FFFF0000%2s▢FF00FFFF oyuncu gerektirir.	▢FF00FFFFHiện có ▢FFFF0000%1s▢FF00FFFF người chơi, cần ít nhất ▢FFFF0000%2s▢FF00FFFF người chơi.	▢FF00FFFFCuttent players: ▢FFFF0000%1s▢FF00FFFF, need: ▢FFFF0000%2s▢FF00FFFF.▥
84	ZombieInfectingGameData		▢FF00FF00士兵： %1s ▢FFFFFFFF– ▢FF0000FF僵尸： %2s ▢FFFFFFFF– ▢FFFFD700分数： %3s	▢FF00FF00Soldier： %1s ▢FFFFFFFF– ▢FF0000FFZombie： %2s ▢FFFFFFFF– ▢FFFFD700Score： %3s	▢FF00FF00Soldier： %1s ▢FFFFFFFF– ▢FF0000FFZombie： %2s ▢FFFFFFFF– ▢FFFFD700Score： %3s	▢FF00FF00Soldier： %1s ▢FFFFFFFF– ▢FF0000FFZombie： %2s ▢FFFFFFFF– ▢FFFFD700Score： %3s	병사:  %1s - 강시: ： %2s –  점수：  %3s	▢FF00FF00Soldat:%1s ▢FFFFFFFF– ▢FF0000FFZombie:%2s ▢FFFFFFFF– ▢FFFFD700Punktzahl:%3s	▢FF0000FFSoldats: %1s▢FFFFFFFF– ▢FF0000FFZombies: %2s▢FFFFFFFF– ▢FFFFD700 Score: %3s	▢FF00FF00Soldados:%1s ▢FFFFFFFF– ▢FF0000FF Zombies:%2s ▢FFFFFFFF– ▢FFFFD700 Puntuación:%3s	▢FF00FF00Soldato：%1s ▢FFFFFFFF– ▢FF0000FFZombie：%2s ▢FFFFFFFF– ▢FFFFD700Punteggio：%3s	▢FF00FF00Soldier：%1s ▢FFFFFFFF– ▢FF0000FFZombie：%2s ▢FFFFFFFF– ▢FFFFD700 Score：%3s	▢FF00FF00Soldier： %1s ▢FFFFFFFF– ▢FF0000FFZombie： %2s ▢FFFFFFFF– ▢FFFFD700Score： %3s	▢FF00FF00Asker：%1s ▢FFFFFFFF– ▢FF0000FFZombi：%2s ▢FFFFFFFF– ▢FFFFD700 Skor：%3s	▢FF00FF00Binh sĩ：%1s ▢FFFFFFFF– ▢FF0000FFCương thi：%2s ▢FFFFFFFF– ▢FFFFD700 Điểm số：%3s	▢FF00FF00Soldier： %1s ▢FFFFFFFF– ▢FF0000FFZombie： %2s ▢FFFFFFFF– ▢FFFFD700Score： %3s
85	ZombieInfectingConvertToZombie		▢FFFF0000你被感染成僵尸	▢FFFF0000You are zombie now	▢FFFF0000Você é zumbi agora	▢FFFF0000You are zombie now	▢FFFF0000감염되어 강시가 되었습니다	▢FFFF0000war als ein Zombie infiziert	▢FFFF0000A été infecté et s'est transformé en zombie	▢FFFF0000Estás infectado como un zombie	▢FFFF0000? stato infettato da zombi	▢FFFF0000Telah terinfeksi sebagai zombie	▢FFFF0000You are zombie now	▢FFFF0000Bir zombiye dönüşmek üzere bulaşmış.	▢FFFF0000Bị nhiễm thành cương thi	▢FFFF0000You are zombie now
86	MsgPlayerIsEnough		▢FFFF0000该房间人数已满	▢FFFF0000Game has enough players.	▢FFFF0000O jogo tem jogadores suficientes.	▢FFFF0000Game has enough players.	▢FFFF0000방이 만원입니다	Der Raum ist voll	▢FFFF0000Le nombre de personnes dans cette chambre est complet	▢FFFF0000La habitación está llena	▢FFFF0000La stanza è piena	▢FFFF0000Ruangan ini telah penuh	▢FFFF0000Game has enough players.	▢FFFF0000Oda dolu	▢FFFF0000Số người phòng này đã đầy	▢FFFF0000Game has enough players.
87	MsgGameHasStarting		▢FF00FF00游戏已经开始了	▢FF00FF00Game has started.	▢FF00FF00O jogo começou.	▢FF00FF00Game has started.	▢FF00FF00게임이 시작되었습니다	Das Spiel hat bereits begonnen.	▢FF00FF00Le jeu a déjà commencé	▢FFFF0000El juego ya ha comenzado	▢FF00FF00Il gioco è già iniziato	▢FF00FF00Game sudah mulai	▢FF00FF00Game has started.	▢FF00FF00Oyun çoktan başladı.	▢FF00FF00Đã bắt đầu trò chơi	▢FF00FF00Game has started.
88	MsgBuyGoodsFailedByNoStart		游戏还没开始，暂时不能购买物品	The game has not started, can not buy goods.	O jogo ainda não começou, não pode comprar itens.	The game has not started, can not buy goods.	게임이 시작되지 않았습니다. 상품을 구매할 수 없습니다	Das Spiel hat nicht begonnen, Sie können keine Waren vorübergehend kaufen	Le jeu n'a pas encore commencé, il est temporairement impossible d'acheter des marchandises	El juego no ha comenzado, no puede comprar artículos temporalmente	Il gioco non è iniziato, non è possibile acquistare merci temporaneamente	Game belum mulai, tidak bisa membeli barang untuk sementara	The game has not started, can not buy goods.	Oyun başlamadı, geçici olarak mal satın alamazsınız.	Trò chơi vẫn chưa bắt đầu, không thể mua vật phẩm	The game has not started, can not buy goods.
89	ZombieDontBuyGoods		僵尸不能购买物品	Zombies can not buy goods.	Os zombis não podem comprar bens.	Zombies can not buy goods.	강시는 상품을 구매할 수 없습니다.	Zombies können nicht kaufen	Les zombies ne peuvent pas acheter des marchandises	Los zombis no pueden comprar artículos	Gli zombi non possono comprare oggetti	Zombie tidak bisa membeli barang	Zombies can not buy goods.	Zombi öğeleri satın alamaz.	Cương thi không thể mua vật phẩm	Zombies can not buy goods.
90	JailBreakPoliceStation	越狱	警察局	Police Station	Delegacia de polícia	Police Station	경찰국	Polizeistation	Poste de police	Comisaría	Stazione di polizia	Kantor polisi	Police Station	Polis istasyonu	Đồn cảnh sát	Police Station
91	JailBreakJail		监狱	Jail	Cadeia	Jail	감옥 	Gefängnis	Prison	Prisión	Prigione	Penjara	Jail	Hapishane	Nhà tù	Jail
92	JailBreakBank		银行	Bank	Banco	Bank	은행	Bank	Banque	Banco	Banca	Bank	Bank	Banka	Ngân hàng	Bank
93	JailBreakHospital		医院	Hospital	Hospital	Hospital	병원	Krankenhaus	Hôpital	Hospital	Ospedale	Rumah Sakit	Hospital	Hastane	Bệnh viện	Hospital
94	JailBreakEnterLocation		你进入了%1s	You enter the %1s	Você entrou no %1s	You enter the %1s	%1s에 진입하였습니다	Sie haben %1s eingehen	▢FF0000FFVous êtes entré dans ▢FFFF0000%1s	Entraste a %1s	Hai inserito %1s	Anda masuk %1s	You enter the %1s	%1s' lere girdiğiniz	Bạn đã tham gia %1s	You enter the %1s
95	JailBreakQuitLocation		你离开了%1s	You left the %1s	Você saiu do %1s	You left the %1s	%1s 이탈하였습니다.	Sie haben %1s verlassen	▢FF0000FFVous avez quitté ▢FFFF0000%1s	Te fuiste de %1s	Hai lasciato %1s	Anda meninggalkan %1s	You left the %1s	%1s bıraktın	Bạn đã rời khỏi %1s	You left the %1s
96	JailBreakShowPoliceInfo		▢FF0000FF功勋值： %1s	▢FF0000FFMerit ： %1s	▢FF0000FFMérito  %1s	▢FF0000FFMerit  %1s	공훈값: %1s	▢FF0000FFVerdienstwert %1s	▢FF0000FFNombre de mérites: ▢FFFF0000%1s	▢FF0000FFValor de mérito  %1s	▢FF0000FFValore di merito  %1s	▢FF0000FFNilai prestasi %1s	▢FF0000FFMerit ： %1s	▢FF0000FFBaşarı değeri: %1s	▢FF0000FFGiá trị công trạng  %1s	▢FF0000FFMerit ： %1s
97	JailBreakShowCriminalInfo		▢FFFF0000威胁值： %1s	▢FFFF0000Threat ： %1s	▢FFFF0000Ameaça  %1s	▢FFFF0000Threat  %1s	협박값: %1s	▢FFFF0000Bedrohungswert %1s	▢FF0000FFNombre de menaces:▢FFFF0000%1s	▢FFFF0000Valor de la amenaza  %1s	▢FFFF0000Valore della minaccia  %1s	▢FFFF0000Nilai ancaman %1s	▢FFFF0000Threat ： %1s	▢FFFF0000Tehdit değeri: %1s	▢FFFF0000Giá trị uy hiếp  %1s	▢FFFF0000Threat ： %1s
98	JailBreakGameName	越狱	越狱	Jail Break	Fuga de presos	JailBreak	Jail Break	Jail break	Jail Break	Jail Break	Jail Break	Jail break	Jail Break	Jail Break	Jail Break	JailBreak
99	JailBreakOpenCheck		%1s▢FFFFFFFF被抢劫了，请迅速出警	A criminal case occurred in %1s	Um caso criminal ocorreu em %1s	A criminal case occurred in %1s	%1s 강탈당했습니다. 즉시 출두하기 바랍니다	%1s▢FFFFFFFF wurde ausgeraubt, bitte schnell gehen	%1s▢FFFFFFFF a été volé, veuillez rapidement contacter la police	%1s▢FFFFFFFF fue robado, por favor, interviene rápidamente la policía	%1s▢FFFFFFFF è stato derubato, per favore rapidamente fuori dalla polizia	%1s▢FFFFFFFF dirampok, tolong cepat keluarkan polisi	A criminal case occurred in %1s	%1s▢FFFFFFFF soyuldu, lütfen hemen polis karakolundan çıkın.	%1s▢FFFFFFFF đã bị cướp, cảnh sát xuất phát ngay	A criminal case occurred in %1s
100	JailBreakCaptureCriminal		%1s▢FFFFFFFF被逮捕了	%1s▢FFFFFFFFwas under arrest	%1s▢FFFFFFFFfoi preso	%1s▢FFFFFFFFwas under arrest	%1s체포되었습니다	%1s▢FFFFFFFF wurde verhaftet	%1s▢FFFFFFFF a été arrêté	%1s▢FFFFFFFF fue arrestado	%1s▢FFFFFFFF è stato arrestato	%1s▢FFFFFFFF ditangkap	%1s▢FFFFFFFFwas under arrest	%1s▢FFFFFFFF tutuklandı.	%1s▢FFFFFFFF đã bị bắt giữ	%1s▢FFFFFFFFwas under arrest
101	JailBreakKillCriminal		%1s▢FFFFFFFF被击毙了	%1s▢FFFFFFFFwas shot to death	%1s▢FFFFFFFFfoi morto a tiros	%1s▢FFFFFFFFwas shot to death	%1s 사살되었습니다	%1s▢FFFFFFFF wurde getötet	%1s▢FFFFFFFF a été tué 	%1s▢FFFFFFFF fue asesinado	%1s▢FFFFFFFF è stato ucciso	%1s▢FFFFFFFF terbunuh	%1s▢FFFFFFFFwas shot to death	%1s▢FFFFFFFF öldürüldü.	%1s▢FFFFFFFF đã bị bắn chết	%1s▢FFFFFFFFwas shot to death
102	JailBreakKillPolice		%1s▢FFFFFFFF因公殉职	%1s▢FFFFFFFFdies while on duty	%1s▢FFFFFFFFfoi morto enquanto estava de plantão	%1s▢FFFFFFFFdies while on duty	%1s 순직하였습니다	%1s▢FFFFFFFF ist im Dienst gestorben	%1s▢FFFFFFFF est mort en service	%1s▢FFFFFFFF murió de servicio	%1s▢FFFFFFFF è morto in servizio	%1s▢FFFFFFFF meninggal saat bertugas	%1s▢FFFFFFFFdies while on duty	%1s▢FFFFFFFF görevde öldü.	%1s▢FFFFFFFF hi sinh khi làm nhiệm vụ	%1s▢FFFFFFFFdies while on duty
103	JailBreakOpenDoor		%1s▢FFFFFFFF被抢劫了，请迅速出警	%1s was robbed by criminal	%1s foi roubado por criminosos	%1s was robbed by criminal	%1s 강탈당했습니다. 즉시 출두하기 바랍니다.	%1s▢FFFFFFFF wurde ausgeraubt, bitte schnell gehen	%1s▢FFFFFFFF a été volé, veuillez rapidement contacter la police	%1s▢FFFFFFFF fue robado, por favor, interviene rápidamente la policía	%1s▢FFFFFFFF è stato derubato, per favore rapidamente fuori dalla polizia	%1s▢FFFFFFFF dirampok, tolong cepat keluarkan polisi	%1s was robbed by criminal	%1s▢FFFFFFFF soyuldu, lütfen hemen polis karakolundan çıkın.	%1s▢FFFFFFFF đã bị cướp, cảnh sát xuất phát ngay	%1s was robbed by criminal
104	JailBreakBankChest		银行保险柜	Bank Chest	Cofre do Banco	BankChest	은행 금고	Bank Safe	Coffre-fort de la banque	Cajas fuertes de banco	Cassaforte dell banca	Brankas bank	BankChest	Banka güvenlik kasası	Tủ bảo hiểm ngân hàng	BankChest
105	JailBreakJewelryChest		珠宝店保险柜	Jewelry Chest	Cofre da Joalheria	JewelryChest	보석매장 금고	Schmuckgeschäft Safe	Coffre-fort de la bijouterie	Cajas fuertes de tienda de joyas 	Cassaforte della gioielleria	Brankas toko perhiasan 	JewelryChest	Kuyumcu güvenlik kasası	Tủ bảo hiểm cửa hàng Châu báu	JewelryChest
106	JailBreakHospitalChest		医院保险柜	Hospital Chest	Cofre do Hospital 	HospitalChest	병원 금고	Krankenhaus Safe	Coffre-fort de l'hôpital	Cajas fuertes de hospital	Cassaforte dell'Ospedale 	Brankas Rumah Sakit 	HospitalChest	Hastane güvenlik kasası	Tủ bảo hiểm y tế	HospitalChest
107	JailBreakBreadChest_C		生活区面包店保险柜	Rio-District Bread Chest	Rio-District BreadChest	JailBreakBreadChest_C	생활구역 빵집 금고	Bäckerei Safe im Wohnbereich Safe 	Coffre-fort de la boulangerie du quartier d'habitations	Cajas fuertes de panadería del distrito social	Cassaforte della panetteria in quartiere di vita 	Brankas toko roti daerah hidup	JailBreakBreadChest_C	Yaşam Alanı Fırın güvenlik kasası	Tủ bảo hiểm cửa hàng bánh mì khu sinh hoạt	JailBreakBreadChest_C
108	A-District		金融区	Manhattan-District	Manhattan-District	Manhattan-District	금융구역	Financial District	Quartier financier	Distrito Financiero	Quartiere finanziario	Distrik keuangan	Manhattan-District	Finansal bölge	Khu tài chính	Manhattan-District
109	B-District		黑市	Black Market	Mercado negro	BlackMarket	블랙마켓	Schwarzmarkt	Marché noir	Mercado negro	Mercato nero	Pasar gelap	BlackMarket	Karaborsa	Chợ đen	BlackMarket
110	C-District		生活区	Rio-District	Distrito-Rio	Rio-District	생활구역	Wohnbereich	Quartier d'habitations	Distrito social	Quartiere di vita 	Living area	Rio-District	Yaşam alanı	Khu sinh hoạt	Rio-District
111	Police		警局	Police Station	Delegacia de polícia	PoliceStation	경찰국	Polizeistation	Poste de police	Comisaría	Stazione di polizia	Kantor polisi	PoliceStation	Polis istasyonu	Đồn cảnh sát	PoliceStation
112	TheRingStrasse_N_1		环城大道北1街	TheRingStrasse_N_1	The Ring Strasse_N_1	TheRingStrasse_N_1	환성대로북1길	Ringstraße Nord 1st Street	1ère Rue de l'Avenue Huan Cheng Nord	Avenida alrededor de la ciudad Calle Norte 1	Ring Road, North 1 Street	Ring Road North 1 Street	TheRingStrasse_N_1	Çevre Yolu Kuzey 1 Sokak	Đường 1 Bắc Đại lộ Vành đai	TheRingStrasse_N_1
113	TheRingStrasse_N_2		环城大道北2街	TheRingStrasse_N_2	The Ring Strasse_N_2	TheRingStrasse_N_2	환성대로북2길	Ringstraße Nord 2st Street	2ème Rue de l'Avenue Huan Cheng Nord	Avenida alrededor de la ciudad Calle Norte 2	Ring Road, North 2nd Street	Ring Road North 2 Street	TheRingStrasse_N_2	Çevre Yolu Kuzey 2 Sokak	Đường 2 Bắc Đại lộ Vành đai	TheRingStrasse_N_2
114	TheRingStrasse_E_1		环城大道东1街	TheRingStrasse_E_1	The Ring Strasse_E_1	TheRingStrasse_E_1	환성대로동1길	Ringstraße East 1 Street	1ère Rue de l'Avenue Huan Cheng Est	Avenida alrededor de la ciudad Calle Este 1	Ring Road, East 1 Street	Ring Road East 1 Street	TheRingStrasse_E_1	Çevre Yolu Doğu 1 Sokak	Đường 1 Đông Đại lộ Vành đai	TheRingStrasse_E_1
115	TheRingStrasse_E_2		环城大道东2街	TheRingStrasse_E_2	The Ring Strasse_E_2	TheRingStrasse_E_2	환성대로동2길	Ringstraße East 2 Street	2ème Rue de l'Avenue Huan Cheng Est	Avenida alrededor de la ciudad Calle Este 2	Ring Road, East 2 Street	Ring Road East 2 Street	TheRingStrasse_E_2	Çevre Yolu Doğu 2 Sokak	Đường 2 Đông Đại lộ Vành đai	TheRingStrasse_E_2
116	TheRingStrasse_W_1		环城大道西1街	TheRingStrasse_W_1	The Ring Strasse_W_1	TheRingStrasse_W_1	환성대로서1길	Ringstraße West 1 Straße 	1ère Rue de l'Avenue Huan Cheng Ouest	Avenida alrededor de la ciudad Calle Oeste 1	Ring Road, West 1st Street	Ring Road West 1 Street	TheRingStrasse_W_1	Çevre Yolu Batı 1 Sokak	Đường 1 Tây Đại lộ Vành đai	TheRingStrasse_W_1
117	TheRingStrasse_W_2		环城大道西2街	TheRingStrasse_W_2	The Ring Strasse_W_2	TheRingStrasse_W_2	환성대로서2길	Ringstraße West 2 Straße 	2ème Rue de l'Avenue Huan Cheng Ouest	Avenida alrededor de la ciudad Calle Oeste 2	Ring Road, West 2 Street	Ring Road West 2 Street	TheRingStrasse_W_2	Çevre Yolu Batı 2 Sokak	Đường 2 Tây Đại lộ Vành đai	TheRingStrasse_W_2
118	TheRingStrasse_S_1		环城大道南1街	TheRingStrasse_S_1	The Ring Strasse_S_1	TheRingStrasse_S_1	환성대로남1길	Ringstraße Süden 1 Straße	1ère Rue de l'Avenue Huan Cheng Sud	Avenida alrededor de la ciudad Calle Sur 1	Ring Road, South 1 Street	Ring Road South 1 Street	TheRingStrasse_S_1	Çevre Yolu Güney 1 Sokak	Đường 1 Nam Đại lộ Vành đai	TheRingStrasse_S_1
119	TheRingStrasse_S_2		环城大道南2街	TheRingStrasse_S_2	The Ring Strasse_S_2	TheRingStrasse_S_2	환성대로남2길	Ringstraße Süden 2 Straße	2ème Rue de l'Avenue Huan Cheng Sud	Avenida alrededor de la ciudad Calle Sur 2	Ring Road, South 2 Street	Ring Road South 2 Street	TheRingStrasse_S_2	Çevre Yolu Güney 2 Sokak	Đường 2 Nam Đại lộ Vành đai	TheRingStrasse_S_2
120	CentralStreet_1		中央大道1街	CentralStreet_1	Central Street_1	CentralStreet_1	중앙대로1길	Central Avenue, 1. Straße	1ère Rue de l'Avenue Centrale	Avenida central Calle 1	Central Avenue, 1st Street	Central Avenue 1 Street	CentralStreet_1	Merkez Cadde 1 Sokak	Đường 1 Đại lộ Trung Tâm	CentralStreet_1
121	CentralStreet_2		中央大道2街	CentralStreet_2	Central Street_2	CentralStreet_2	중앙대로2길	Central Avenue, 2. Straße	2ème Rue de l'Avenue Centrale	Avenida central Calle 2	Central Avenue, 2nd Street	Central Avenue 2 Street	CentralStreet_2	Merkez Cadde 2 Sokak	Đường 2 Đại lộ Trung Tâm	CentralStreet_2
122	CentralStreet_3		中央大道3街	CentralStreet_3	Central Street_3	CentralStreet_3	중앙대로3길	Central Avenue, 3. Straße	3ème Rue de l'Avenue Centrale	Avenida central Calle 3	Central Avenue, 3rd Street	Central Avenue 3 Street	CentralStreet_3	Merkez Cadde 3 Sokak	Đường 3 Đại lộ Trung Tâm	CentralStreet_3
123	CentralStreet_4		中央大道4街	CentralStreet_4	Central Street_4	CentralStreet_4	중앙대로4길	Central Avenue, 4. Straße	4ème Rue de l'Avenue Centrale	Avenida central Calle 4	Central Avenue, 4th Street	Central Avenue 4 Street	CentralStreet_4	Merkez Cadde 4 Sokak	Đường 4 Đại lộ Trung Tâm	CentralStreet_4
124	Central-District		中央区	Central-District	Distrito-Central	Central-District	중앙구역	Zentraler Bezirk	Quartier central	Distrito Central	Distretto Centrale	Distrik Pusat	Central-District	Merkez Bölge	Khu trung tâm	Central-District
125	Prisons		监狱	Prisons	Prisão	Prisons	감옥 	Gefängnis	Prison	Prisión	Prigione	Jailbreak	Prisons	Hapishane	Nhà tù	Prisons
126	JailBreakBreadChest_A		金融区面包店保险柜	Manhattan’s_BreadCheat	Manhattan’s_BreadCheat	Manhattan’s_BreadCheat	금융구역,빵집 금고	Bäckerei Safe im Financial District	Coffre-fort de la boulangerie du quartier financier	Cajas fuertes de panadería del distrito financiero	Cassaforte della panetteria in quartiere finanziario	Brankas toko roti daerah hidup	Manhattan’s_BreadCheat	Finansal bölge Fırın güvenlik kasası	Tủ bảo hiểm cửa hàng bánh mì khu tài chính	Manhattan’s_BreadCheat
127	JailBreakPoliceChest		警察局箱子	Chest in Ploice Station	Cofre na delegacia de polícia	Chest in Ploice Station	경찰국 박스	Der Koffer in Polizeistation	Coffre de police	Caja de la comisaría	Scatola di polizia	Kotak kantor polisi	Chest in Ploice Station	Polis karakolu kutusu	Rương đồn cảnh sát	Chest in Ploice Station
128	JailBreakPoliceKillPrisoner		▢FFFF0000警察杀死未犯罪囚犯会受到惩罚	▢FFFF0000Police will be punished while killing innocent	▢FFFF0000A policia será punida de matar um inocente	▢FFFF0000Police will be punished while killing innocent	▢FFFF0000경찰이 범죄를 범하지 않은 수감자를 살해할 경우 처벌을 받습니다	▢FFFF0000Wenn die Polizei Gefangene tötet wurden, die nicht gesündigt haben, wurden sie bestraft	▢FFFF0000Les policiers qui tuent des prisonniers qui ne sont pas des criminels seront punis	▢FFFF0000La policía mata a prisioneros que no son criminales serán castigados	▢FFFF0000La polizia uccide i prigionieri che non sono criminali sarà punita	▢FFFF0000Polisi membunuh tahanan yang bukan penjahat akan dihukum	▢FFFF0000Police will be punished while killing innocent	▢FFFF0000Suçlu olmayan mahkumları öldüren polisler cezalandırılacaktır.	▢FFFF0000Cảnh sát giết chết các tù nhân không phải là tội phạm sẽ bị trừng phạt	▢FFFF0000Police will be punished while killing innocent
129	JailBreakPoliceRob		▢FFFF0000警察抢劫会受到惩罚	▢FFFF0000Police will be punished while robbing	▢FFFF0000A policia será punida se roubar	▢FFFF0000Police will be punished while robbing	▢FFFF0000경찰이 강탈할 경우 처벌을 받습니다	▢FFFF0000Wenn die Polizei ausgeraubt wurde, wurden sie bestraft	▢FFFF0000Les policiers qui volent seront punis	▢FFFF0000La policía que roba será castigado	▢FFFF0000La rapina della polizia sarà punita	▢FFFF0000Polisi merampok akan dihukum	▢FFFF0000Police will be punished while robbing	▢FFFF0000Polis soygunu cezalandırılacaktır.	▢FFFF0000Cảnh sát cướp sẽ bị trừng phạt	▢FFFF0000Police will be punished while robbing
130	 ZombieHunterMsgToSoilderStart		▢FF0000FF你将会在5秒后转换成僵尸猎手，请做好准备	▢FF0000FFYou’ll become Zombie Hunter. Be prepared	▢FF0000FFVocê vai se torna Caçador de Zombies, Prepare-se 	▢FF0000FFYou’ll become Zombie Hunter. Be prepared	▢FF0000FFYou’ll become Zombie Hunter. Be prepared	▢FF0000FFYou’ll become Zombie Hunter. Be prepared	▢FF0000FFYou’ll become Zombie Hunter. Be prepared	▢FF0000FFYou’ll become Zombie Hunter. Be prepared	▢FF0000FFYou’ll become Zombie Hunter. Be prepared	▢FF0000FFYou’ll become Zombie Hunter. Be prepared	▢FF0000FFYou’ll become Zombie Hunter. Be prepared	▢FF0000FFYou’ll become Zombie Hunter. Be prepared	▢FF0000FFYou’ll become Zombie Hunter. Be prepared	▢FF0000FFYou’ll become Zombie Hunter. Be prepared
131	ZombieHunterMsgToZombieStart		▢FF0000FF僵尸猎手即将出现，准备围攻	▢FF0000FFBe aware of Zombie Hunter!	▢FF0000FFEsteja preparado, Você é Caçador de Zombies	▢FF0000FFBe aware of Zombie Hunter!	▢FF0000FFBe aware of Zombie Hunter!	▢FF0000FFBe aware of Zombie Hunter!	▢FF0000FFBe aware of Zombie Hunter!	▢FF0000FFBe aware of Zombie Hunter!	▢FF0000FFBe aware of Zombie Hunter!	▢FF0000FFBe aware of Zombie Hunter!	▢FF0000FFBe aware of Zombie Hunter!	▢FF0000FFBe aware of Zombie Hunter!	▢FF0000FFBe aware of Zombie Hunter!	▢FF0000FFBe aware of Zombie Hunter!
132	ZombieHunterMsgToSoilderEnd		▢FF0000FF你已重装上阵，开始反击	▢FF0000FFYou’ve got reinforced. Slay them down!	▢FF0000FFVocê esta mais forte! acabe com eles!!	▢FF0000FFYou’ve got reinforced. Slay them down!	▢FF0000FFYou’ve got reinforced. Slay them down!	▢FF0000FFYou’ve got reinforced. Slay them down!	▢FF0000FFYou’ve got reinforced. Slay them down!	▢FF0000FFYou’ve got reinforced. Slay them down!	▢FF0000FFYou’ve got reinforced. Slay them down!	▢FF0000FFYou’ve got reinforced. Slay them down!	▢FF0000FFYou’ve got reinforced. Slay them down!	▢FF0000FFYou’ve got reinforced. Slay them down!	▢FF0000FFYou’ve got reinforced. Slay them down!	▢FF0000FFYou’ve got reinforced. Slay them down!
133	ZombieHunterMsgToZombieEnd		▢FF0000FF僵尸猎手出现了	▢FF0000FFZombie Hunter showed up!	▢FF0000FFO Caçador de Zombies Apareceu!	▢FF0000FFZombie Hunter showed up!	▢FF0000FFZombie Hunter showed up!	▢FF0000FFZombie Hunter showed up!	▢FF0000FFZombie Hunter showed up!	▢FF0000FFZombie Hunter showed up!	▢FF0000FFZombie Hunter showed up!	▢FF0000FFZombie Hunter showed up!	▢FF0000FFZombie Hunter showed up!	▢FF0000FFZombie Hunter showed up!	▢FF0000FFZombie Hunter showed up!	▢FF0000FFZombie Hunter showed up!
134	SandDigger		夺宝奇兵	Treasure Hunter	Caçador de tesouros	Treasure Hunter	Treasure Hunter	Treasure Hunter	Treasure Hunter	Treasure Hunter	Treasure Hunter	Treasure Hunter	Treasure Hunter	Treasure Hunter	Treasure Hunter	Treasure Hunter
135	SandDiggerBreakDown		矿井还有▢FFFF0000%1s秒▢FFFFFFFF崩塌	The mine will ▢FFFFFFFFcollapse in▢FFFF0000%1s	A mina entrará em ▢FFFFFFFFcolapso in▢FFFF0000%1s	The mine will ▢FFFFFFFFcollapse in▢FFFF0000%1s	The mine will ▢FFFFFFFFcollapse in▢FFFF0000%1s	The mine will ▢FFFFFFFFcollapse in▢FFFF0000%1s	The mine will ▢FFFFFFFFcollapse in▢FFFF0000%1s	The mine will ▢FFFFFFFFcollapse in▢FFFF0000%1s	The mine will ▢FFFFFFFFcollapse in▢FFFF0000%1s	The mine will ▢FFFFFFFFcollapse in▢FFFF0000%1s	The mine will ▢FFFFFFFFcollapse in▢FFFF0000%1s	The mine will ▢FFFFFFFFcollapse in▢FFFF0000%1s	The mine will ▢FFFFFFFFcollapse in▢FFFF0000%1s	The mine will ▢FFFFFFFFcollapse in▢FFFF0000%1s
136	SandDiggerOpenChest		▢FF0000FF%1s▢FFFFFFFF打开了%2s	▢FF0000FF%1s▢FFFFFFFFhas opened%2s	▢FF0000FF%1s▢FFFFFFFFserá aberto%2s	▢FF0000FF%1s▢FFFFFFFFhas opened%2s	▢FF0000FF%1s▢FFFFFFFFhas opened%2s	▢FF0000FF%1s▢FFFFFFFFhas opened%2s	▢FF0000FF%1s▢FFFFFFFFhas opened%2s	▢FF0000FF%1s▢FFFFFFFFhas opened%2s	▢FF0000FF%1s▢FFFFFFFFhas opened%2s	▢FF0000FF%1s▢FFFFFFFFhas opened%2s	▢FF0000FF%1s▢FFFFFFFFhas opened%2s	▢FF0000FF%1s▢FFFFFFFFhas opened%2s	▢FF0000FF%1s▢FFFFFFFFhas opened%2s	▢FF0000FF%1s▢FFFFFFFFhas opened%2s
137	SandDiggerDeep		深度 - ▢FF0000FF %1s ▢FFFFFFFF               ▢FFFF0000	Depth - ▢FF0000FF %1s ▢FFFFFFFF               ▢FFFF0000	Profundidade - ▢FF0000FF %1s ▢FFFFFFFF               ▢FFFF0000	Depth - ▢FF0000FF %1s ▢FFFFFFFF               ▢FFFF0000	Depth - ▢FF0000FF %1s ▢FFFFFFFF               ▢FFFF0000	Depth - ▢FF0000FF %1s ▢FFFFFFFF               ▢FFFF0000	Depth - ▢FF0000FF %1s ▢FFFFFFFF               ▢FFFF0000	Depth - ▢FF0000FF %1s ▢FFFFFFFF               ▢FFFF0000	Depth - ▢FF0000FF %1s ▢FFFFFFFF               ▢FFFF0000	Depth - ▢FF0000FF %1s ▢FFFFFFFF               ▢FFFF0000	Depth - ▢FF0000FF %1s ▢FFFFFFFF               ▢FFFF0000	Depth - ▢FF0000FF %1s ▢FFFFFFFF               ▢FFFF0000	Depth - ▢FF0000FF %1s ▢FFFFFFFF               ▢FFFF0000	Depth - ▢FF0000FF %1s ▢FFFFFFFF               ▢FFFF0000
138	SandDiggerDeepAndHp		深度 - ▢FF0000FF %1s ▢FFFFFFFF/ 生命值 - ▢FFFF0000%2s	Depth - ▢FF0000FF %1s ▢FFFFFFFF/ HP - ▢FFFF0000%2s	Profundidade - ▢FF0000FF %1s ▢FFFFFFFF/ HP - ▢FFFF0000%2s	Depth - ▢FF0000FF %1s ▢FFFFFFFF/ HP - ▢FFFF0000%2s	Depth - ▢FF0000FF %1s ▢FFFFFFFF/ HP - ▢FFFF0000%2s	Depth - ▢FF0000FF %1s ▢FFFFFFFF/ HP - ▢FFFF0000%2s	Depth - ▢FF0000FF %1s ▢FFFFFFFF/ HP - ▢FFFF0000%2s	Depth - ▢FF0000FF %1s ▢FFFFFFFF/ HP - ▢FFFF0000%2s	Depth - ▢FF0000FF %1s ▢FFFFFFFF/ HP - ▢FFFF0000%2s	Depth - ▢FF0000FF %1s ▢FFFFFFFF/ HP - ▢FFFF0000%2s	Depth - ▢FF0000FF %1s ▢FFFFFFFF/ HP - ▢FFFF0000%2s	Depth - ▢FF0000FF %1s ▢FFFFFFFF/ HP - ▢FFFF0000%2s	Depth - ▢FF0000FF %1s ▢FFFFFFFF/ HP - ▢FFFF0000%2s	Depth - ▢FF0000FF %1s ▢FFFFFFFF/ HP - ▢FFFF0000%2s
139	SandDiggerChestName1		普通宝箱	Normal Chest	Baú Normal	Normal Chest	Normal Chest	Normal Chest	Normal Chest	Normal Chest	Normal Chest	Normal Chest	Normal Chest	Normal Chest	Normal Chest	Normal Chest
140	SandDiggerChestName2		铁质宝箱	Iron Chest	Baú de Ferro	Iron Chest	Iron Chest	Iron Chest	Iron Chest	Iron Chest	Iron Chest	Iron Chest	Iron Chest	Iron Chest	Iron Chest	Iron Chest
141	SandDiggerChestName3		银宝箱	Silver Chest	Baú de Prata	Silver Chest	Silver Chest	Silver Chest	Silver Chest	Silver Chest	Silver Chest	Silver Chest	Silver Chest	Silver Chest	Silver Chest	Silver Chest
142	SandDiggerChestName4		金宝箱	Gold Chest	Baú de Ouro	Gold Chest	Gold Chest	Gold Chest	Gold Chest	Gold Chest	Gold Chest	Gold Chest	Gold Chest	Gold Chest	Gold Chest	Gold Chest
143	RespawnMsg		%1s▢FF00FFFF复活了。▥	%1s▢FF00FFFF revived.▥	%1s▢FF00FFFF revived.	%1s▢FF00FFFF revived.	%1s▢FF00FFFF revived.	%1s▢FF00FFFF revived.	%1s▢FF00FFFF revived.	%1s▢FF00FFFF revived.	%1s▢FF00FFFF revived.	%1s▢FF00FFFF revived.	%1s▢FF00FFFF revived.	%1s▢FF00FFFF revived.	%1s▢FF00FFFF revived.	%1s▢FF00FFFF revived.
